번호,경제용어,용어설명
1,총공급(總供給),"주어질 물가수준에서 한 경제의 모든 기업들이 생산판매하려는 재화와 서비스(용역)의 총 합계를 나타내며, ‘총생산’이라고도 한다."
2,총통화(總通貨),‘총통화’란 시중에 유통되면서 지불수단으로 사용 중인 화폐 전부를 말한다. 따라서 한국은행의 금고 속에 보관되어 있는 주화나 지폐는 화폐이긴 하지만 유통되지 않은 것이므로 통화는 아니다.
3,최저임금(最低賃金),"영세, 저소득 근로자를 보호하기 위해 사업주가 근로자에게 의무적으로 주도록 한 최소한의 임금을 말한다. 시간급, 일급, 월급으로 정해져 종업원 10인 이상 사업장에 적용된다. 이 금액 이하로 임금을 지급할 때는 사업주를 형사 처벌할 수 있다. 현재 우리나라의 경우 2007년 기준으로 시간급(3,480원), 일급(8시간 ; 27,840원), 월급은 시간급을 월단위로 환산할 경우 「근로기준법」에 따른 주당 법정근로기준시간(40시간) 적용 시에 727,320원이다."
4,추가경정예산(追加更正豫算),"한 해의 예산이 확정된 후에 부득이한 사유로 발생되는 항목으로 인하여, 이미 성립된 예산에 변경을 가하는 예산을 ‘추가경정예산’이라 한다. 「재정법」제23조에서는 추가예산과 경정예산을 구별하고 있었으나, 현행「헌법」제56조 및「예산회계법」제33조에서는 이를 포괄하여 ‘추가경정예산’이라 한다. 추가예산이란 본예산을 증가시킨 예산으로 이것은 본예산 편성 후 생긴 사유로 인하여 필요한 경비, 국고 채무부담행위 또는 법률상 조약상 국가의 의무에 속하는 경비의 부족이 생길 때 당초 예산에 추가하여 예산을 편성하는 것을 말하며, 경정예산이란 본예산 성립 후에 생긴 사유로 인하여, 이미 성립된 예산을 그 지출한도액 내에서 변경을 가하는 것을 말한다."
5,코스닥,"미국의 나스닥(NASDAQ)을 한국식으로 영문 합성한 명칭으로, 1996년 7월 1일 증권업협회와 증권사들이 설립한 코스닥증권(주)에 의하여 개설되었다. 코스닥의 개장으로 증권거래소 상장을 위한 예비적 단계에 지나지 않았던 장외시장이 미국의 나스닥(NASDAQ)과 같이 자금조달 및 투자시장으로서 독립적인 역할을 수행하게 되었다. 코스닥에서 거래되는 주식은 장외거래 대상종목으로 증권업협회에 등록된 기업의 주식이다. 증권거래소 상장에 비하여 등록(상장)하기가 쉽기 때문에 벤처기업이 코스닥의 주요 종목이다. 1999년 5월 우리 정부는 코스닥시장의 등록요건을 완화하여 대형 통신사 등 매력적인 기업들이 쉽게 등록될 수 있게 하고, 코스닥에 등록한 중소 벤처법인에 대하여 세제상의 혜택을 주어 우량기업들이 많이 등록하도록 여건을 개선하는 등 코스닥시장 활성화 방안을 마련하였다. 정부의 정책적 지원에 힘입어 1998년 1일 평균 55억원에 불과했던 거래대금이 2001년 9월 19일에는 1조 3,410억원(36,976만주)으로 늘어났다."
6,통화(通貨),"일반적으로는 화폐인 지폐와 동전과 화폐대체수단인 수표와 신용카드 등을 사용하여 거래에서 지급수단 또는 유통수단의 기능을 가진 은행권과 정부발행화폐를 나타낸다. 그러나 현금(지폐, 동전 등)을 포함하여 이를 대신하는 수표, 신용카드, 전자상거래 등의 다양한 지급수단이 늘어남에 따라 무엇을 통화로 볼 것인가에 대한 견해도 다양해지고 있다. 현금 이외에도 은행예금이나 투자신탁회사, 상호신용금고의 예수금 등과 같은 금융자산도 필요한 경우 큰 불편 없이 현금으로 바꿀 수 있기 때문에, 경우에 따라 금융자산을 통화의 범위에 포함시킬 수도 있다."
7,펀드(Fund),"'기금' 또는 '자금'이라는 뜻이지만, 투자를 전문적으로 하는 기관이 일반인을 상대로 모은 돈을 말한다. 이 돈을 가지고 투자를 하는 사람이 펀드매니저이다. 펀드매니저는 수익을 올려 투자자에게 나누어 준다."
8,할부금융(割賦金融),"자체소비재, 산업설비 및 기계 등의 할부판매거래에 대하여 할부방식으로 자금을 융통하는 것을 ‘할부금융’이라고 한다. 할부금융회사는 할부구입(hire purchase)에 대한 융자업무를 주로 한다. ‘할부금융’은 소비자에게 구입자금을 대여하는 소비자금융이지만 할부금융회사가 물품대금을 일시에 생산자에게 지급하므로 생산자에게 실질적인 혜택이 크다. 예를 들어 자동차를 할부 구입할 때 할부금융회사는 판매대금을 모두 제조회사에 지불한 후 구매자에게 일정 기간 동안 불입금(지불하지 않은 돈)과 수수료를 받는다. 이 때 상품의 소유권을 처음부터 구매자에게 이전하는 것이 아니라, 최종 불입금과 수수료 등을 완납해야만 이전한다는 점에서 신용판매와 다르다."
9,합병(合倂),"보통 두 회사가 결합하여 단지 한 회사만이 법적 실체로 존속하는 것을 ‘합병'이라고 한다. 기업의 합병에는 신설합병과 흡수합병의 두 가지가 있다. 신설합병은 합병할 때 모든 당사회사가 해산하고 동시에 신 회사를 설립하는 것이며, 합동합병 설립합병이라고도 한다. 흡수합병은 한 해당기업만이 존속하고 다른 해당기업은 해산하여 존속기업에 흡수되는 것이다. 신설합병에 있어서의 신설회사, 흡수합병에 있어서의 존속회사를 합병회사라 하며, 합병에 의하여 소멸한 회사를 해산회사 또는 소멸회사라 한다. 실제의 합병에는 흡수합병이 많으며, 합병 후의 상호에 구(舊)당사자기업의 상호를 조합한 것을 사용할 경우에도 흡수합병인 경우가 많다. 또 법률적으로는 우량기업이 불량기업을 흡수하는데 한하는 것이 아니고, 조세(租稅)대책 등을 참작하여 반대의 형식을 취하는 일이 있다. 기업합병은 또 당사기업의 관계에 의하여 수평적 합병 수직적 합병 다각적 합병으로 구분된다. 수평적 합병은 동일한 업종의 동일한 생산단계를 갖추고 있는 기업의 합병이며, 규모의 이익추구, 시장독점, 경영의 합리화, 경쟁회피 등을 목적으로 한다. 수직적 합병은 원료공급과 가공과 같은 계기적(繼起的) 생산단계에 있는 다른 종류의 업종 사이에서 이루어지는 기업합병으로서, 경영합리화, 계열강화 등을 목적으로 한다."
10,현물상품(現物商品),"실제적인 상품거래 없이 만기가 되는 선물거래와 대조되는 것으로 구입자에게 실제적으로 상품의 인도가 이루어질 것으로 기대되는 상품을 말한다. ‘현물상품’은 현물시장에서 거래된다. 거래는 현물거래와 선물거래로 나누어지는데, ‘현물’이란 매매계약 성립 시에 이미 존재하는 상품을 가리키며, ‘선물’이란 실재(實在)하지 않으나 앞으로 실재(實在)할 수 있는 상품을 뜻한다. 증권거래소에서의 현물거래는 실물(實物)거래 또는 직물(直物)거래라고도 한다."
11,"화폐(貨幣, Money)","‘화폐’란, 시장에서 상품을 교환, 유통을 원활히 하기 위한 일반적인 교환수단, 유통수단, 지불수단 등을 일컫는다. 즉, 상품을 매매하거나 채권채무관계를 청산하는 일상거래에서 일반적으로 통용되는 지불수단을 말한다. 역사상 화폐는 물품화폐 → 금속화폐 → 신용화폐 등의 형태로 발달하여 왔다. 여기서의 신용화폐는 지폐와 주화와 같은 현금 이외에 수표나 어음과 같은 유가증권을 말한다."
12,환시세,"국제 외환거래에서 발생되는 일국의 통화와 각국의 통화와의 환시세를 설정함에 있어서, 국제환의 기준이 되는 국가의 통화의 시세를 말한다. 즉, 외국환의 시세를 나타낸다."
13,회계연도,"회계연도란 일반적으로 회계상의 정리기술면에서 편의에 따라 일정한 기간을 정하고 그 수지상황을 명확히 하는 예산의 기간적 단위라 할 수 있다. 예산은 이 기간을 단위로 하여 편성되고 예산의 집행 및 결산도 이 기간마다 구분 정리되는 것이다. 회계연도는 보통 1년을 주기로 하고 있으며 우리나라는 현행 [예산회계법] 제2조에 따라 정부나 지방자치단체의 회계연도는 매년 1월1일에 시작하여 동년 12월 31일에 종료하도록 되어 있다. 원래 국가의 재정은 영속적인 것으로서 일정기간을 구분하여 정리하지 않으면 정확을 기할 수 없는 것이므로 회계연도는 그 기간의 수지상황을 명확히하고 국가의 재정을 통일하며 경리의 간명을 도모하기 위하여 채택된 기술적인 방법이라고 할 수 있다. 회계연도 정리기한은 출납의 정리 및 보고, 장부의 정리기한을 의미하며, [예산회계법] 제4조 제1항에 ""한 회계연도에 속하는 세입·세출의 출납에 관한 사무는 다음 연도 3월 10일까지 완결하여야 한다""고 규정하고 있다. 이러한 회계연도 정리기한은 출납의 정리 및 보고·장부의 정리기한을 의미하며 출납사무를 완결하기 위하여 재정경제부장관은 감사위원 기타 공무원의 입회 하에 매년 3월 10일(그날이 일요일이면 그 전일)에 전년도 세입·세출의 주계부를 마감해야 한다. 주계부의 마감 뒤의 정정은 인정되지 않는다."
14,회사채(會社債),"회사에서 발행하는 채권을 ‘회사채’ 또는 ‘사채’라고 한다. ‘채권’이란, 국가 기업 금융기관이 필요한 자금을 마련하기 위해 발행하는 증서이다. 채권은 액면에 표기되어 있는 금액만큼 돈을 주고 살 수 있는데, 채권을 산 사람은 그만큼 채권발행자에게 빌려준 것과 같다. 회사채가 주식과 다른 점은 일정한 상환기한이 있고, 기업이익의 유무에 상관없이 확정이자를 지급해야 하며, 회사 해산의 경우에는 잔여재산분배에 주식보다 앞서 상환된다는 점이다."
15,희소성 / 희소가치(稀少性 / 稀少價値),"‘희소성’이란, 인간의 물질적인 욕구에 비하여 충족시킬 수 있는 상품이나 물건 등의 공급수단이 상대적 풍부하지 못함(부족함)을 뜻한다. 상품의 ‘희소가치’는 희소성에 의하여 책정되는 가치요소이다. ‘희소성'이 가치의 유일한 요소이다. 그러나 천연두와 같은 질병은 매우 희소하지만 누구도 원하지 않으므로 가치가 없다."
16,옴부즈만 제도,"국민의 권리가 행정부, 사법부 등 정부기관에 의해 부당하게 침해되고 있지 않는가를 감시하는 제도다. 국민의 권익을 보호하기 위한 각종 제도적인 장치에도 불구하고 이것들에 의해서도 보호되지 않는 권리의 사각지대를 막기 위해 도입됐다. 최근에는 신문, 방송 등을 모니터링 하는 것이나 행정조치가 제대로 집행되고 있는가를 자체 점검하는 제도도 옴부즈만이라 부르고 있다."
17,외채,"외채(대외채무)란 일정시점에 있어 상환기간에 관계없이 거주자가 비거주자에게 외화로 돌려줘야할 의무가 있는 채무를 의미하며, 이를 총외채라 한다. 한편 총외채에서 일정 시점에 있어 거주자가 비거주자에게 외화로 청구할 권리가 있는 확정채권의 외국으로부터 받을 자산(총대외자산)을 차감한 것이 순외채가 된다."
18,외환시장,"외환거래는 고객거래와 은행 사이의 외환거래가 이루어지고 있는 장소를 ‘외환시장’이라고 부른다. 넓은 의미의 외환시장이란 외환거래의 두 분야인 고객과의 거래와 은행 간 거래의 쌍방을 포함해서 외환거래가 이루어지는 장소 전체를 의미하고, 좁은 의미의 외환시장이란 오로지 은행 간 거래가 이루어지는 장소를 말한다."
19,원천과세,"소득이 생기는 원천에 세금을 부과하는 것을 말한다. 세금은 국가가 직접 납세자로부터 받아들이는 것이 보통이지만, 국가 이외의 기관이 소득에서 미리 공제해서 나중에 국가에 납부하는 경우도 있다. 이것이 원천과세로서 급여소득, 퇴직소득, 배당소득, 이자소득 등이 이에 해당한다."
20,유가증권,돈의 가치를 가지고 통용되는 증서를 유가증권이라고 한다. 흔히 '증권'이라고 줄여서 부른다. 유가증권에는 수표나 어음과 같은 화폐증권과 주식이나 채권과 같은 자본증권이 있다. 일반적으로 증권시장에서 사용되는 증권이라는 것은 증권회사에 등록되어 있는 주식 및 채권을 가리킨다.
21,유통,"농산물이나 공산물(제작공정 거치거나 공업적 과정을 통하여 생산되는 물품) 등 생산된 모든 상품을 사람들이 구입하기까지의 여러 과정을 ‘유통’이라고 한다. 여러 단계를 거치면서 생산자와 상인, 상인과 상인, 또 상인과 소비자 사이에 이루어지는 매매까지를 모두 포함하여 유통이라고 한다. 더불어, 생산물이 어느 지역에서 다른 지역으로 옮겨지는 것도 유통이다."
22,이윤,"기업이 생산활동을 하는 목적은 이익, 곧 이윤을 남기는 것이라고 할 수 있다. 이윤은 기업이 생산한 상품의 가격에서 그 상품을 만드는데 들어간 비용을 뺀 금액을 말한다. 만약 이윤이 없다면 기업이 공장을 짓고 직원들에게 월급을 주면서 상품을 만들어낼 이유가 없게된다."
23,입찰,"상품을 구입하거나 대형공사를 할 업체를 찾을 때 여러 희망자로부터 각자가 내놓는 가격을 받아 그 가운데 가장 유리한 조건을 제시한 사람에게 그 권리를 주는 것을 ‘입찰’이라고 한다. 입찰에 참여하는 것을 ‘응찰'이라고 하며, 제시한 가격을 ‘입찰가격’이라고 한다."
24,자기자본,"기업이 가지고 있는 총자본에서 기업의 총부채를 뺀 것을 말한다. 재무제표에서 자본금, 법정준비금(자본준비금, 이익준비금)과 잉여금을 합계한 것으로 순자산이라고도 한다. 차입금이나 사채 등은 타인자본이다."
25,재산세,"재산세는 소유하고 있는 재산에 부과하는 세금이다. 재산에는 땅이나 집처럼 움직일 수 없는 부동산과 돈처럼 움직일 수 있는 동산이 있다. 지방세법에 의하면, 재산세는 건물과 토지 같은 부동산에 대해서만 세금을 물린다. 지방세인 재산세는 토지에 대해 부과하는 「종합토지세」와 건물에 대해 부과시키는 「건물분 재산세」로 나누어진다."
26,전자정부,"전자정부란 행정처리 및 정책결정, 정부조달 등이 전자적으로 상호 유기적인 작용을 하면서 온라인 네트워크를 통해 공공재나 서비스를 제공하는 것을 말한다. 전자정부는 행정 서비스의 시간적·공간적 제약을 없애 언제 어디서나 서비스가 가능해지고, 정보의 공유로 부처간 협업이 수월해져 업무를 원활하게 처리할 수 있으며, 인터넷을 통한 납기·품질 등을 고려한 전략적 공급자의 선택이 가능하다. 열린 네트워크를 활용하기 때문에 효율성·생산성·책임성·투명성 등을 제고할 수 있다.  전자정부가 효과적으로 추진되기 위해서는 전자결재시스템·전자문서·정보공개제도·정보공동활용체제·정부정보자원의 디지털화 등이 선행되어야 한다. 또한 고객 중심의 사고 및 의식전환·혁신·창조성·신속성 등이 요구된다. 우리나라는 2002년 11월 13일 전자정부가 출범하였으며, 이에 따라 일상생활에서 필요한 주민등록등·초본 등 민원서류, 정부 민원 구비서류, 처리기관, 수수료, 근거법령 등 다양한 정보를 전자정부 단일창구(www.egov.go.kr)를 통해 인터넷으로 신청하거나 열람할 수 있게 됐다. 또한 민원서류를 관공서에 제출할 필요가 없어졌으며, 24시간 등기부 열람 온라인서비스 제공으로 부동산계약 때 등기부 등본을 발급받을 필요도 없게 됐다. 정부는 2006년까지 범정부 포털사이트를 통해 온라인 민원서비스 제공범위를 전체 민원업무로 확대하고, PDA·핸드폰 등 모바일 기기를 활용한 행정처리 및 민원서비스를 제공함으로써 생산적이고 투명한 스마트정부를 만들어갈 예정이다."
27,주식,"주권에 액면을 기재하지 않고 단지 회사의 총자본에 대한 비율만을 표시한 주식을 무액면주라고 하며 비례주 또는 부분주라고도 한다. 미국·캐나다·이탈리아·일본 등에서는 액면주의 발행과 더불어 무액면주의 제도가 벌써부터 이용되고 있다. 특히, 미국에서는 1912년 이래 은행·보험회사 등 특수한 회사를 제외하고 무액면주의 발행이 널리 보급되고 있다. 일본에서도 종래 우리나라와 같이 무액면주의 발행을 금지하였으나 1950년의 개정 상법에서 무액면주의 발행을 인정하게 되었다. 무액면주는 발행할 때마다 주식의 발행가액이 통상 시가에 의해 정해지며 발행의 기준액이 없기 때문에 발행가액은 그 금액을 자본에 기록함을 원칙으로 하지만 일부는 자본준비금으로 계리할 수 있다. 무액면주식에는 기재식무액면주(記載式無額面株)와 진정무액면주(眞正無額面株)의 두 가지가 있다. 전자는 주권에 권면액(券面額)의 기재는 없으나 그 정관에 그 주식의 최저 발행가액의 규정이 있고, 그 가액 미만으로는 주식의 발행을 할 수 없는 동시에 그 가액이 회사의 자본을 구성하고 있다. 후자는 주권이나 정관에도 권면액 또는 동일한 작용을 하는 금액을 기재하지 않은 것을 말한다.전환주식 convertible stock(share) 회사가 권리내용이 다른 여러 종류의 주식을 발행하는 경우에 다른 종류의 주식으로 전환할 수 있는 전환권이 인정되는 주식을 말한다. 선진국의 경우 전환주식의 가장 일반적인 형태는 우선주를 보통주로 전환하는 것이며 이 경우의 전환주식을 전환우선주라고 한다. 전환우선주는 투자자가 이를 소유하고 있을 경우 회사의 사업전망이 좋을 때에 배당률이 확정된 우선주를 보통주로 전환시킴으로써 추가적인 이익배당에 참가할 수 있는 이점을 갖고 있다. 한편 회사의 입장에서는 전환 우선주를 발행하면 주식의 모집이 쉽고 자금조달이 용이하다. 주식은 회사의 소유권을 나타내는 증서를 말한다. 회사를 운영하는 데 100만원이 필요한 경우, 경영자는 은행과 같은 금융기관에서 돈을 빌릴 수도 있지만 회사의 주식을 발행해서 100만원을 마련할 수도 있다. 100명으로부터 1만원씩 투자를 받고 그 증거로 회사의 소유권을 나타내는 주식을 1장씩 나누어주었다면 그 100명이 모두 회사의 주인이고 각각 100분의 1씩 회사를 소유한 것이 된다.주식예탁증서 DR: Depositary Receipts 주식예탁증서(DR)는 해당기업이 상장돼 있는 주식시장이 아닌 다른 나라 주식시장에 주식을 매각 또는 유통시키고자 할 때 발행하는 증서를 말한다. 즉, 외국주식을 자국 시장에서 유통시키는 경우 원주식은 유가증권의 국외수송·언어·관습의 차이 등으로 문제가 발생할 소지가 있다. 이를 해결하기 위해 수탁은행이 투자자를 대신해서 원주식의 보관에서부터 주주권에 이르기까지 모든 것을 대행하는 등의 예탁계약을 표시하는 증서를 발행·유통시키는 데 이를 DR이라 한다. 기업이 DR를 발행하는 이유는 해외자본을 유치하기 위해서이다. 해외 금융기관으로부터 직접 자금을 빌리거나 외화표시채권 발행을 통해 자금을 조달하는 것에 비해 이자 부담이 없는 것이 장점이다. 국내 투자자의 불신으로 국내에서의 증자가 어렵고 국내 금융기관으로부터의 차입도 여의치 않은 상태의 기업에는 DR 발행이 적격이다. 물론 건실한 기업도 해외투자자 유치를 위해 DR를 발행한다. 발행 지역에 따라 미국이면 ADR(American Depository Receipt), 전세계를 대상으로 하면 GDR(Global Depository Receipt) 등으로 표기한다. 우리나라에서는 한국통신 3조원, 담배인삼공사 5억달러, 하이닉스 12억 5천만달러의 GDR을 발행한 바 있다."
28,증권(證券),"재산에 관한 권리나 의무를 나타내는 문서로서 돈의 가치를 가지고 통용된다. 보통 주식, 공채, 회사채 등 유가증권을 나타낸다. 종류로는 수표나 어음과 같은 화폐증권과 주식이나 채권과 같은 자본증권이 있다. 보통 증권시장에서 사용되는 증권이라는 말은 상장되어 있는 주식 및 채권을 가리킨다."
29,지방세,"지방세는 지방자치단체가 지방재정 수입을 충당하기 위하여 관할구역 내의 주민 재산 또는 수익, 기타 특정행위에 대하여 아무런 대가적 보상 없이 강제적으로 과징하는 세제로서 과세권의 주체가 국가인 국세와 구별된다. 지방세는 과세권의 주체에 따라 특별시·광역시·도세와 시·군·구세로 구분되며, 그 수입의 용도에 따라 재원별로 구분하여 일반재원에 충당되는 것을 보통세, 특정한 사업을 위한 재원에 충당되는 것을 목적세라 하는데, 이는 지방세가 국세와 다른 특징이기도 하다. 지방세는 지방재정의 자체수입으로서 세외수입과 함께 지방자치단체의 자주재원을 형성하고 있다."
30,"직접세, 간접세","直接稅·間接稅 직접세는 납세 의무자에게 부과된 조세가 전가 현상이 나타나지 않고, 납세의무자가 담세자가 되는 조세이다. 법률상 조세의 전가를 예상하지 않고, 담세자인 납세의무자에게 직접부과하는 조세를 말한다. 소득이나 재산을 과세물건으로 하는 소득세·이윤세·수익세·재산세가 직접세에 해당된다. 직접세는 조세를 통해 가계 및 기업의 소득 중 세금부문을 정부부문으로 직접 이전시키므로 생산 및 유통의 교란 정도가 작고, 부담능력에 따른 과세가 가능하고, 자원(소득)배분의 역할을 하며, 수입의 안정성을 유지할 수 있다. 그러나 납세 의무자의 납세도의가 요구되며, 발달된 징세기술 및 기구가 필요하다. 간접세는 일반적으로 세금을 납부할 의무가 있는 납세 의무자와 세금을 최종적으로 부담할 담세자가 일치하지 않는 조세를 말한다. 즉, 소득 및 재산에서 획득된 소득의 지출 혹은 소득 및 재산의 이전사실을 포착하여 부과하는 소비세·유통세 등을 간접세라 한다. 국세중 부가가치세·특별소비세·주세·인지세·증권거래세 등이 간접세에 속한다."
31,예산,"예산 예산은 1회계연도에 있어서의 수입 및 지출의 예정액으로서 1년간 국가재정계획의 계량적 표시라고 할 수 있으며 이를 실질적 의미의 예산이라 한다. 또한, 이러한 1년간의 국가 재정활동의 계획을 일정한 형태에 따라 세입·세출의 형식으로 표시하여 국회에 제출되는 예산서를 형식적 의미의 예산이라 하여 계속비, 국고채무부담행위, 일시차입금의 한도, 재정증권의 발행한도에 관한 것 등 실질적 의미의예산 이외의 요소를 포함하고 있다. 본예산과 추가경정예산의 합계가 그 해의 최종적인 예산으로 된다. 수정예산과 추가경정예산은 예산안의 편성이 끝난 후에 이를 변경하기 위한 제도라는 점에서는 동일하다. 그러나 수정예산은 정부가 국회에 예산을 제출한 후 아직 예산이 의결되기 전에 정부가 제출한 예산안을 수정할 수 있도록 한 데 반해, 추가경정예산은 정부안이 국회의 의결을 얻어 성립한 다음에 발생한 사유로 인하여 이미 성립한 예산에 변경을 가할 필요가 있을 때 사용되는 제도라고 할 수 있다. 그리고 법률상 또는 계약상 국가의 의무에 속하는 경비의 부족을 보전하는 것 외에 예산성립 후 발생한 사유로 인해, 특히 긴요하게 된 경비의 지출 또는 채무의 부담을 위해 필요한 예산을 추가할 경우이거나 예산성립 후 발생한 사유로 인해, 예산 추가 이외의 변경을 가하는 경우에 편성된다. 성과주의예산제도 성과를 중심으로 예산을 운용하는 것으로서 투입중심의 예산제도에 반대되는 개념이다. 예컨대, 거리청소 사업의 경우에 투입 중심의 예산제도하에서는 청소부 인건비, 청소차량 구입비 및 유지비가 예산대로 집행되었는가에 관심을 가지나, 성과주의 예산제도하에서는 거리청소사업의 성과목표인 '거리환경이 얼마나 깨끗해졌는가'를 평가(거리의 청결도, 주민들의 만족도 등)하여 다음연도 예산배분에 반영한다. 미국·영국·호주·뉴질랜드 등 선진 각국은 1980년대 중반이후 정부의 효율성 제고를 위해 성과주의예산제도 도입을 재정개혁의 주요 목표로 설정하고 이를 추진했거나 추진 중에 있다. 성과주의 예산제도가 최근에 나타난 제도는 아니다. 1949년 후버위원회에서 성과예산을 권고한 이래로 기획예산제도(PPBS), 목표관리제도(MBO), 영점기준예산제도(ZBB) 등 성과와 예산을 연계하려는 시도가 계속되어 왔었다. 이러한 시도들의 시행착오를 거쳐 현재 미국에서 추진중인 성과중심 예산제도가 정부성과관리법(GPRA, 1993)에 근거한 성과주의 예산제도이다. 기획예산처가 도입을 추진중인 성과주의 예산제도는 미국의 정부성과관리법(GPRA)을 많이 참조하고 있다. 성과주의 예산제도하에서 중앙관서는 예산 요구시에 성과목표와 목표달성 여부를 측정하기 위한 성과지표를 체계적으로 기술한 성과계획서를 작성하여 기획예산처에 제출하고, 결산시점에 성과목표의 달성여부를 기술한 성과보고서를 작성·제출하여야 한다. 성과계획서와 보고서는 일반국민에 공개되며, 성과 결과는 예산편성의 분석지표로 활용되어 다음 회계년도 예산에 반영된다. 정부업무에 대한 객관적 평가지표 작성의 어려움 등 정부부문의 특수성을 고려하여, 기획예산처는 시범사업 실시를 통한 단계적 도입을 추진하고 있다. 영점기준예산 모든 예산항목에 대해 기득권을 인정하지 않고 매년 제로를 출발점으로 과거의 실적이나 효과, 정책의 우선 순위를 엄격히 사정해서 예산을 편성하는 방법을 말한다. 미국의 사무기기 업체인 제록스사가 처음으로 도입한 이후 기업차원이 아닌 국가차원으로 그 적용범위가 확대되었다. 구체적인 추진을 위해서는 각종 정책의 우선 순위 판정, 상호연관성의 분석, 법률개정 등 많은 선행조건이 있어야 한다 예산규모의 무질서한 팽창, 경직화를 방지하기 위해 기득권이나 관습에 얽매이지 않는다는 점에서 긍정적으로 평가받고 있다. 특히, IMF 경제위기 이후 재정건전성의 악화가 심각히 대두되고 있는 상황에서 이러한 제로베이스 예산제도의 적극적인 적용과 그에 따른 예산의 효율적인 편성과 사용이 요구되며, 이를 통해 재정건전화의 회복을 추구해야 할 것이다. 예산결산특별위원회 예산안과 결산을 심의하기 위하여 국회에 예산결산특별위원회를 두고 있는데 동위원회는 2000년 6월부터 상설화되어 있다. 예산결산특별위원회 위원장은 1인으로 하되, 위원회에서 호선하고 본회의에 보고토록 하고 있다. 위원은 교섭단체 소속의 의원수 비율과 상임위원회 의원수의 비율에 의하여 50인 이내에서 교섭단체 대표위원의 요청으로 의장이 상임위원 중에서 선임하나, 어느 교섭단체에도 속하지 않는 의원의 위원선임은 의장이 행하도록 하고 있다. 예산결산특별위원회에는 소위원회를 둘 수 있으며 소위원회이외에 그 심사에 필요하다고 인정될 때에는 이를 수 개의 분과위원회로 나눌 수 있다. 예산과목 예산은 그 내용을 명백히 하기 위하여 일정한 기준에 의하여 구분하게 되는데 이를 예산과목이라고 한다. 예산과목은 세입예산과목과 세출예산과목으로 구성된다. 세입예산과목은 관·항·목으로 구분된다. 이 가운데 관·항은 국회의 의결대상이 되는 입법과목이며 목은 행정과목으로서 국회의 의결을 요하지 않는다. 다만, 세입예산과목은 세입예산이 직접예산에 의하여 실현되는 것이 아니라 세법 등 법령의 규정에 의하여 실현되기 때문에 입법과목·행정과목을 구분할 필요는 없다고 할 수 있다. 세출예산과목은 장·관·항·세항·목으로 구분된다. 장·관·항은 입법과목, 세항·목은 행정과목이라고 한다. 장·관·항의 구분은 기능별·성질별 또는 소속기관별로 분류한다. 또한, 중앙관서의 조직적 구분을 소관이라고 하며 필요한 경우에는 소속구분에 앞서 계정별로 구분할 수 있다고 규정하고 있다. 이러한 예산과목의 구분은 기획예산처장관이 정하며, 예산과목 구분의 목적은 복잡하고 광범위한 예산을 통일적으로 분류하고 그 목적을 정하여 성질 및 내용을 명백히 하여 국회의 의결대상으로 함과 동시에 예산집행의 방침으로 하려는 데 있다. 예산성과금제도 예산성과금제도는 특별한 노력으로 국고수입을 늘이거나 지출예산을 절약한 공무원이나 정부기관에게 수입증대 또는 지출절약 금액의 일부를 인센티브로 지급하는 제도이다.  예산성과금제도는 각 행정기관이나 공무원의 자발적인 지출절감 노력과 세수증대를 위해 1998년 처음 도입되었으나, 1999년 8월 대통령령으로 예산성과금지급규정이 제정됨으로써 제도적 뒷받침을 받게 되었다.  성과금 지급은 정원축소를 통해 인건비를 감축하는 경우, 주요 사업비 또는 경상사업비를 절약하는 경우, 특별한 노력에 따라 국고수입을 늘이는 경우로 한정되며 예산절감이나 세수증대에 기여한 기관이나 개인에게 지급하게 된다. 지급한도는 개인의 경우 최고 2,000만원으로 정해져 있다.  성과금의 지급은 매년 각 중앙행정기관의 자체심사 후 기획예산처에 설치된 '성과금지급위원회'의 심사를 거쳐 결정된다. 예산순계 [예산회계법] 제18조의 예산총계주의 원칙에 의하면, 모든 세입과 세출은 모두 예산에 계상하도록 되어 있다. 이러한 원칙을 적용하는 이유는 국가재정과 관련된 일체의 수지를 예산에 계상함으로써 국가재정 전체를 명확하게 파악하고 아울러 재정상의 감독을 용이하게 하는 데 있다. 그런데 이러한 원칙에 입각하여 산출한 예산총계 규모에는 회계간 거래(예: 일반회계에서 특별회계로의 전출금 등)나 동일회계 내 계정간 거래금액(예: 재정융자특별회계에서 차관계정에서 융자계정으로의 예탁금 등)으로 인하여 동일한 재원이 중복 계상되는 문제가 발생한다. 여기서 중복되는 부분을 차감한 예산순액을 예산순계라 한다. 예산의 배정 예산이 성립되면 정부는 예산이 정한 바에 따라서 각 중앙관서의 장에 대하여 각각 집행되어야 할 세입·세출예산, 국고채무부담행위 등에 대하여 배분하는데, 이것을 예산의 배정이라 한다. 예산이 성립되면 각 중앙관서의 장은 사업운영계획 및 이에 의한 세입·세출예산, 계속비와 국고채무부담행위가 포함된 예산배정요구서를 기획예산처장관에게 제출하고 세입예산 월별 징수계획서와 세출예산 월별 지출계획서를 재정경제부장관에게 제출한다. 기획예산처장관은 각 중앙관서의 장이 제출한 예산배정요구서와 재정경제부장관이 제출한 월별 자금계획서에 의거하여 4분기별로 예산배정 계획을 작성하고 재정경제부장관이 제출한 월별 자금계획과 함께 국무회의의 심의를 거쳐 대통령의 승인을 얻는다. 예산배정 계획과 자금계획이 대통령의 승인을 얻게 되면, 기획예산처장관은 각 중앙관서의 장에게 4분기별로 예산을 배정하고 감사원에 통지한다. 세출예산과 계속비를 배정할 때는 항 또는 목으로 구분해야 한다. 예산의 이용·전용 예산의 이용은 사업계획이나 여건의 변동에 따라 예산집행을 탄력적으로 운용함으로써 사업을 보다 효율적으로 추진하고 예산의 적정한 사용을 도모하기 위한 제도로서 [예산회계법]이 정하는 목적 외 예산 사용금지의 예외적인 제도라 할 수 있다. 예산의 이용은 예산이 정한 각 기관·장·관·항 등 입법과목 사이에 상호 융통하는 것으로 원칙적으로 허용되지 않으나, 예산 집행상의 필요에 의하여 미리 국회의 승인을 얻을 경우와 정부조직 등에 관한 법령의 제·개정이나 폐지로 인하여 그 직무와 권한에 변동이 있을 때에는 기획예산처 장관이 당해 중앙관서의 장의 요구에 의하여 이용토록 할 수 있다. 예산의 전용은 행정과목간에 상호 융통하는 것으로 기획예산처 장관의 승인을 얻도록 되어 있으며, 기획예산처 장관은 매 회계연도마다 정하는 범위내에서 각 세항 또는 목의 금액을 자체 전용할 수 있도록 부처에 위임하고 있다. 예산은 어디까지나 예정적 계획이므로 예산의 집행과정에서 부분적인 계획의 변동이나 여건의 변동 등이 있을 수 있게 되고, 이러한 경우 이용·전용을 통하여 예산을 보다 효율적으로 집행하는 것이 바람직하다. 예산을 이용·전용하여 운용할 때는 계획이나 여건의 변동이 일어나게 된 배경·사유·변동내용 등 이용·전용의 사유를 명확히 하여야 한다. 예산편성지침 다음 연도 예산편성의 기본방향, 중점목표 등을 제시한 예산편성지침은 다음해의 국내외 경제전망, 재정운용방향, 경비별 편성지침 및 예산요구서에 사용할 각종 서식 등으로 구성되어 있다. 기획예산처장관은 매년 3월 31일까지 국무회의의 심의를 거쳐 대통령의 승인을 얻어 다음 연도의 예산편성지침을 각 중앙관서의 장에게 시달하도록 되어 있다. 준예산 단년도 예산원칙에 입각하여 국회는 회계연도 개시 30일전까지 정부가 제출한 예산안을 심의·확정하여야 한다. 그러나 부득이한 사유로 인하여 회계연도 개시전까지 국회에서 예산안이 의결되지 못한 경우에는 예산이 성립될 때까지 공무원의 봉급, 기관의 유지비, 경비, 계속비 등을 전년도 예산에 준해서 집행할 수 있도록 [헌법]과 [예산회계법]에 예산 불성립시 예산집행에 대해 규정하고 있다. 이 경우 집행된 예산은 당해년도의 예산이 성립되면 그 성립된 예산에 의하여 집행된 것으로 본다고 [예산회계법] 제34조 제2항에 규정하고 있다. 이에 대해 본예산 절차와 동일한 의결을 거쳐 잠정적인 예산을 임시로 편성하는 것을 가예산이라고 한다. 우리나라는 구헌법에서는 가예산 제도를 인정하였으나 현재는 준예산제도를 채택하고 있다. 총계예산주의 회계연도 내에 있어서의 일체의 수입을 세입으로 하고, 일체의 경비를 세출로 하여 각각 예산에 계상하여야 한다는 원칙을 말한다. 총계예산주의에서는 순계예산주의와는 달리 수입과 지출의 상계를 허용하지 않는다. 예를 들면, 조세수입을 예산에 계상하는 경우 징세비를 공제한 순세입만을 계상하는 순계예산을 사용해서는 안되며 조세수입 총액을 계상하여야 한다는 원칙이라 할 수 있다. 재정의 전반을 파악하는 것이 용이하고 예산집행의 책임을 명확히 할 수 있다는 장점 때문에 현재 대부분의 국가들은 총계예산주의를 채택하고 있다. 우리나라에서도 예산회계법 제18조 제2항에 '세입·세출은 모두 예산에 계상하여야 한다'고 규정함으로써 총계예산주의를 채택하고 있다. 다만, 국가가 현물로 출자하는 경우 및 외국차관을 도입하여 전대하는 경우만을 세입세출예산외로 처리할 수 있도록 하고 있을 뿐이다. "
32,어음,"일정한 금액을 일정한 날짜에 주기로 약속하고 사용하는 것으로 돈처럼 가치가 있다. 어음은 화폐제도를 전제로 하여 생긴 법적기술로서, 현대의 경제사회에서의 그 기능은 다음과 같다. ① 송금과 지급작용 : 금전지급의 지역적 간격을 극복하여 현금수송의 불편과 위험을 덜어주고, 쉽게 그 채무지급의 목적을 달성하게 된다. 오늘날의 국내거래에는 어음 이외에 우편환 등 여러 간편한 송금방법이 있으나, 국제거래에서는 아직도 어음이 주요한 결제수단이다. 약속어음도 같은 목적으로 사용될 수 있다. ② 신용작용 : 금전지급의 시간적 간격을 극복하여 자본의 회전과 유통을 원활하게 한다. 예컨대 도매상에서 상품의 공급을 받은 소매상이 대금회수기간을 만기로 하는 약속어음을 발행하여 도매상에 넘기면, 소매상은 대금회수기간까지 자기의 신용을 이용할 수 있다. 또 도매상은 은행으로 하여금 그 어음을 할인하여 곧 대금을 취득함으로써, 이후의 거래를 준비할 수 있다. 이와 같은 신용의 수단으로서 이용되는 것은 약속어음이 많으나, 환어음도 이러한 목적에 사용될 수 있다."
33,역관세,"‘역관세’란 정보통신 관련 (완성된 제품)완제품에는 관세가 부과되지 않고 이들 제품에 사용되는 부품, 높은 관세가 부과되고 있는 현상을 말한다. 즉, WTO의 정보기술협정(IT)에 따라 2000년부터 정보통신 관련 수입 완제품에는 관세를 적용하지 않으나, 일부 부품과 소재에 높은 비율의 관세가 적용되고 있다. 예로 컬러 디스플레이튜브(CDT) 리튬이온 축전지 반도체 제조용 코일 등에는 관세가 부과되지만, 이들 부품을 사용한 완제품인 모니터 노트북 리드프레임 등에는 관세가 부과되지 않는다. 역관세에 대해 해당업계에서는 국내 완제품의 가격경쟁력을 저하시킨다고 주장하고 있는데 비해 수입 부품소재에 대해 관세를 낮추면 부품국산화 촉진을 저해할 수 있다는 반론이 제기되고 있다."
34,연말정산,"1년간의 벌어들인 총 소득액에 대해 연말에 종합소득과세 표준률을 적용하여 정산하는 것을 말한다. 매월 지급되는 급여는 간이세액표의 기록을 통해 소득세를 원천징수하게 된다. 이것을 다시 연말이나 또는 퇴직 시에 한꺼번에 정산하게 되는 것을 일컫는 말이다. 쉽게 말해 매월 임금을 받으면 세금이 떼어져 나오는 것을 보게 되는데, 이 세금이 적당히 떼어졌는지를 연말에 계산해서 남으면 돌려주고 모자라면 더 받는 것으로 이해하면 된다."
35,시장,"공개시장조작이란 중앙은행이 단기금융시장이나 채권시장과 같은 공개시장에서 금융기관을 상대로 국공채 등 증권을 사고 팔아 이들 기관의 자금사정을 변화시키고 이를 통해 통화량과 단기시장금리를 조절하는 정책수단이다. 공개시장조작정책은 지급준비율정책 및 재할인정책과 더불어 중앙은행의 3대 간접통화관리수단의 하나로서 정책효과가 금융시장의 가격메커니즘을 통해 나타나고 중앙은행의 필요에 따라 조작시기 및 규모를 신축적으로 결정할 수 있다. 이에 따라 공개시장조작정책은 가장 정통적인 통화신용조절수단으로서 오늘날 대부분의 선진국에서 주된 정책수단으로 활용하고 있다. 공개시장조작정책이 효과를 발휘하기 위해서는 유동성과 안전성을 갖춘 대상증권(주로 국채)의 충분한 공급과 발달된 유통시장의 존재 그리고 자유로운 시장금리의 형성 등 금융시장의 제반 여건이 조성되어 있어야 한다. 공개시장조작 수행방식은 채권의 단순매매(outright sales and purchases) 및 환매조건부매매(RP매매 : repurchase agreement) 두 가지가 있다. 단순매매는 시중유동성을 기조적으로 조절할 때 활용하는 수단으로서 중앙은행이 채권을 완전히 사거나 파는 것을 말하며, 환매조건부매매는 일시적인 시중유동성조절수단으로서 중앙은행이 일정기간 후 다시 매입할 것을 조건으로 보유채권을 매각하거나 반대로 일정기간 후 다시 매각할 것을 조건으로 채권을 매입하는 것을 말한다. 우리나라의 공개시장조작정책은 1961년 11월 통화안정증권이 발행되면서 시작하여 1969년 2월부터는 은행을 상대로 국공채매매조작이 가능해진 이래 1977년에는 매매대상기관의 범위를 제2금융권으로 확대하는 한편 매매방식도 단순매매와 환매조건부매매로 구분하였다. 1986년 이후 경상수지 흑자전환에 따른 해외부문의 통화증발을 흡수하기 위해 공개시장조작을 본격적으로 활용하였으며 1990년대 들어서는 시장원리에 입각한 공개시장조작의 정착을 위해 제도를 개선하고 활용도를 꾸준히 높여 왔다. 즉, 1993년 3월에는 환매조건부 국공채매매조작에 경쟁입찰방식을 도입하였고 1997년 8월에는 한국은행금융결제망(BOK-wire)을 통한 전자입찰방식을 시행함으로써 시장메커니즘을 통한 공개시장조작정책 운용체계를 정착시켰다. 시장 재화나 서비스를 사려는 사람과 팔려는 사람들이 거래하는 곳. 예를들어 회사의 주식을 사고 파는 곳은 주식시장, 취직을 원하는 사람과 직원을 구하려는 기업이 만나는 곳은 인력시장이라고 한다.연방공개시장위원회 미국의 중앙은행이자 12개 연방준비은행을 총괄하는 기관인 연방준비제도이사회(FRB) 산하에 있는 단체로 공개시장조작정책의 수립과 집행을 담당하는 기구이다. 연방준비제도이사회 이사 7명과 지역연방은행 총재 5명 등 총 12명의 위원으로 구성된다. 5명의 지역연방은행 총재 중 뉴욕연방은행 총재는 당연직이고, 나머지 4명은 11개 지역연방은행을 4개 권역으로 나누어 각 1명씩 선출하고 각 권역 내에서는 1년씩 교대로 참여한다. 의장은 연방준비제도이사회 의장이, 부의장은 뉴욕연방은행 총재가 맡는다. 매년 8회의 정기회의를 개최하며, 매 회의 때마다 다음 회의 때까지 수행해야 할 공개시장조작 지침을 작성하여 발표함으로써 금융상황에 관한 종합적인 분석과 연방준비제도이사회가 추진해야 할 금융정책의 기본방향이 제시된다.장외시장 일반적으로 증권유통시장은 거래소시장과 장외시장으로 구별되는데, 광의의 장외시장은 거래소시장 밖에서 유가증권의 거래가 이루어지는 시장의 총칭으로, 상장유가증권은 물론 비상장유가증권에 대하여 고객과 증권회사, 증권회사 상호간 또는 고객 상호간의 개별적인 접촉에 의해 거래가 이루어지는 비조직적·추상적 시장이다. 거래방법에 따라 '직접거래시장(no broker market)'과 '장외시장(over the counter market)'으로 구분되는데, 직접거래시장은 투자자 상호간의 개별적 접촉과 협상에 의해 주식거래가 이루어지는 시장이고, 장외시장은 중개기관인 증권회사의 창구에서 주식거래가 이루어지는 시장으로 이를 일반적으로 협의의 장외시장이라 한다. [거래소시장과 장외시장 특징 비교] 거래소시장 매매거래를 위한 일정한 장소와 시설 등 필요 경쟁매매 방식(다수의 매도자와 매수자가 결쟁을 통해 거래조건 결정) 특정한 시점에서의 특정종목의 가격은 하나만 존재 상장증권만을 거래 장외시장 전국 어디서든 거래 가능(증권회사 자체가 하나의 독립적인 시장 형성) 상대매매 방식(매도·매수측이 적합한 상대바을 구하여 직접 협상을 통해 가격·수량·결제시기 등 결정) 동일 종목이 동일 시각에 거래되는 경우에도 둘 이상의 복수가격의 형성 가능 거래대상 다양(비상장증권은 물론 일정한 조건 아래에서 사장증권도 가능) 오늘날 선진 각국에서는 이런 장외시장을 중심으로 장외시장을 제도화함으로써 거래소시장에 준하는 조직적인 대형시장으로 발전되고 있다. 현재 미국은 나스닥(NASDAQ), 일본은 자스닥(JASDAQ) 등 장외시장이 주식거래소보다 더 성장한 상태이며, 우리나라에서도 1996년 7월 1일 장외거래 전문중개기관으로 코스닥(KOSDAQ) 증권이 설립되었다.  장외시장은 거래소시장이 행하기 곤란한 부문을 수행하는 보완적 기능을 하거나, 증권가격이 형성될 때 견제적 기능을 하기도 하고, 경우에 따라서는 거래소시장과 경쟁관계가 되어 경쟁적 기능을 한다. 이러한 기능을 통해서 비상장기업의 건전한 육성과 유통시장의 규모확대 및 질적 향상에 기여하고 있다. 최소시장접근 MMA : Minimum Market Access 수입이 금지되었던 상품의 시장을 개방할 때, 국내 시장의 충격을 완화하기 위해 일정기간 동안 최소한의 개방 폭을 규정한 것을 말한다. 식량안보나 환경 보호차원에서 일부 품목에 대해 시장을 개방하지 않았던 국가들이 고율관세를 부과하여 수입을 사실상 제한하는 경우가 있어, 이를 방지하기 위해 국내 소비량에 대한 일정부분을 반드시 수입하도록 의무화한 제도라고 할 수 있다. 지난 1991년 우루과이라운드(UR) 협상 타결을 위해 제시된 던켈 초안에서 최초로 사용되었으며, 우루과이라운드에서 확립된 시장개방 원칙의 하나라고 할 수 있다. 당시 이 초안은 농산물의 경우 개방 첫해에 국내 수요의 3%를 수입한 뒤 6년 후까지 5%로 개방 폭을 확대하고 그 이후엔 예외 없는 관세화를 해야 한다고 규정한 바 있다."
36,신용,"개인이 대출을 신청할 때 종전에는 직업등급표·연간소득 등 단순한 기준을 적용했다. 그러나 개인신용시스템(CSS)은 대출을 신청할 때 작성하는 인적사항과 직장·소득현황·재무상태 등 신용과 관련된 모든 사항을 항목별로 점수화해 이 점수에 따라 대출 가능여부와 대출금액을 산정하는 시스템이다. 선진국 대부분의 은행들은 대출할 때 보편적으로 개인신용시스템을 적용하고 있다. 우리나라의 경우에도 최근 은행들이 신용대출을 확대하고 인터넷뱅킹을 시작하면서 개인신용시스템을 잇따라 도입하고 있다. 개인신용시스템은 개발된 모형의 시스템 구축을 통하여 효율적인 위험관리와 시스템 심사를 통한 경비절감뿐만 아니라 합리적인 의사결정, 신속하고 일관성 있는 심사지원으로 고객만족 실현이 가능하다. 개인신용시스템은 신용공여 상품의 신용주기(Credit Cycle)에 따라 신청평점시스템(ASS : Application Scoring System)과 행동평점시스템(BSS : Behavior Scoring System)으로 나누어진다. 신청평점시스템은 신청 당시 신청자의 정보(속성정보·거래정보·금융정보 등)를 종합하여 미래의 신용상태(부실률 중심)를 예측(평점화)하는 시스템으로 해당 건에 대해 건별로 시스템을 시행하며, 여신 신청이나 카드발행 신청시 사용한다. 행동평점시스템은 계약이 체결된 고객의 정보(속성정보, 신용거래 내역, 기타 금융정보 등)를 종합하여 기존 고객의 신용도 변화를 점검함으로써 고객의 부실 가능성을 예측, 조기경보하고 연체 관리 및 여신사고를 예방하기 위한 시스템으로 여신이나 카드 발급 실행 후 기존 계좌에 대해 일정 시점에 일괄적으로 시스템을 시행하며, 주로 카드 고객에 대하여 고객 행태에 대한 차별화 된 전략 수립을 위해 사용한다. 신용 돈을 빌릴 때는 이자를 얼마나 치르고 언제까지 갚겠다고 약속한다. 이런 약속을 잘 지키는 것을 두고 신용이 있다고 말한다. 금융거래에 있어서 신용은 한마디로 돈을 제때에 갚을 수 있는 능력을 말하는 것이다."
37,실업,실업자는 일을 하고 싶어하고 일을 할 능력이 있는데도 일자리가 없어 일을 하지 못하는 사람을 말한다. 실업과 취업을 구분하는 기준은 나라마다 조금씩 다르지만 우리나라에선 1주일에 돈을 벌기 위해 1시간 이상 일을 하면 취업자로 그렇지 못하면 실업자로 분류하고 있다.
38,실업보험(Unemployment Insurance),"노동의 능력이 있고, 노동을 제공하려는 의사가 있음에도 불구하고, 적당한 직업을 얻지 못하여 생활의 위협을 받는 사람에게 생활을 보장해 주는 보험으로 사회보험의 한 형태의 정책적 프로그램이다. 실업상태에 놓인 근로자의 생활안정을 목적으로 하는 보험으로 고용개발과 고용촉진사업 등을 추가하여 고용보험이라고 부르기도 한다. 그 재원은 사업장의 노사보험료 및 국가의 보조금에 의하여 조달한다. 실업보험의 지급기간은 보통 1년 이내이며, 보험료의 수준은 기존의 임금 수준에 따라 일정한 비율을 지급하는 것이 원칙이다. 실업보험을 운영하는 기관은 보험금의 지급뿐만 아니라 직업소개업무를 연결하여 운영하기도 한다. 우리나라에서는 1993년 12월에 「고용보험법」이 제정되어, 1995년 7월 1일부터 고용보험이 시행되고 있으며, 실업을 예방하고 재취업의 촉진과 잠재인력의 고용촉진, 직업능력 및 인력수급의 원활화를 목적으로 하여 노동부 주관으로 고용안정사업과 직업능력개발사업, 실업급여 지급 등을 실시하고 있다. 또한 노동부에 고용안정센터와 시군구 지방노동관서에 취업정보센터를 운영하고 있다."
39,아웃소싱,"기업 내부의 프로젝트나 생산·유통·포장·용역 등 업무의 일부분을 외부 전문업체에게 위탁해 처리하는 경영전략으로 기업 감량화를 통한 인원절감, 가격경쟁력 확보 및 생산 향상을 위해 도입되었다. 미국 기업이 제조업 분야에서 활용하기 시작해 전세계 기업들로 확산되고 있으며, 업무분야도 경리·인사·신제품 개발·영업 등의 분야로 확대되는 추세이다. 아웃소싱을 하는 이유는 기업이 모든 업무나 기능을 자체적으로 제공·유지하기에는 수익성이 부족하거나, 당장 필요한 기능에 대해 내부 전문성이 없을 경우 외부에서 조달하기 위해서이다. 기업조직의 모든 부문에 투자를 하는 것보다 핵심적인 부분에만 투자를 하는 것이 조직의 유연성과 민첩성을 제고할 수 있으며 예측하기 힘든 미래상황과 위험에 신속하게 대처할 수 있기 때문이다. 그러나 공급업체와 발주사 간의 마찰 등 하청관리가 어려워짐에 따른 회의론도 대두되고 있다."
40,양도소득세,부동산 등을 양도(권리 재산 법률상의 지위를 남에게 넘기는 것)했을 때의 그 양도 차익에 과세하는 소득세를 말한다. 1967년 정부는 부동산 투기억제세를 제정했으나 실효가 없자 1975년 1월 1일부터 양도소득세를 신설했다. 양도소득세는 부동산 투기억제의 수단으로 제정된 것이므로 부동산 경기변동에 따라 신축성 있게 운영되고 있다.
41,세입·세출,"세입이란 일정 회계연도에 있어서의 국가 또는 지방자치단체의 지출의 재원이 되는 모든 현금적 수입을 말한다(예산회계법 제18조 제1항). 국가세입의 주된 것은 조세수입이며, 그밖에 공채 등에 의한 수입, 국유재산 매각수입, 정부기업 수입, 수수료 수입 등도 세입에 포함된다. 그러나 국고에 수납되더라도 세출의 재원에 충당하지 못하는 입찰 및 계약의 보증금, 우편저금, 공탁금의 수입 등은 세입에 포함되지 않는다. 세입에 대한 전망이라고 할 수 있는 세입예산은 세출예산과 마찬가지로 매 회계연도 개시 90일 전까지 국회에 제출하고, 국회는 회계연도 개시 30일 전까지 이를 의결하도록 규정되어 있다.(헌법 제54조 2항, 예산회계법 제18조 2항, 동법 제30조) 세출이란 한 회계연도에 있어서의 국가 또는 지방자치단체가 그 목적을 수행하기 위한 일체의 지출을 말한다. 세출에는 공무원의 급여지급, 재화 및 용역의 구입, 이자 및 보조금의 지급, 고정자산 취득, 공채상환을 위한 지출 등이 있다. 세출은 세입과 달리 예산의 범위 내에서만 지출할 수 있다."
42,소득공제(所得控除),소득금액에 대해 세율을 곱해서 세금을 매기기 전에 일정액을 빼주는 것을 말한다. 즉 소득금액에서 공제된 금액을 뺀 나머지 금액에 세금을 정하게 되는 것이다.
43,소득세,"사람들이 직장생활이나 사업을 하여 돈을 벌게 되면 벌어들인 돈에서 비용을 뺀 금액(소득)의 크기에 따라 내는 세금이 소득세 이다. 소득세는 기초공제, 부양가족공제 등 인적 공제와 필요경비를 인정하고 있다. 때문에 납세자의 개인적 사정이 고려되고 수입의 정도에 따라 차별적 부과가 된다는 점에서 조세 중에서 가장 공평하고 이상적인 조세라 할 수 있다. 소득세에는 근로소득, 퇴직소득, 양도소득, 종합소득 등이 있다."
44,소비,"상품을 구입하거나 서비스를 제공받고 그 대가로 돈을 내는 경제활동을 소비라고 한다. 소비는 경제활동 중에서 비중이 가장 높은 부분이다. 소비양극화 특정 소비자 집단간 소비수준의 양극단화 현상을 말한다. 주로 소득계층간의 소비격차를 일컫는 것으로 소득수준이 높은 계층일수록 고급사치재나 외제품의 소비가 커 상대적으로 저가생필품 소비를 주로 하는 저소득계층에 비해 높은 소비수준을 유지하게 되고 그에 따른 소득과 소비의 '부익부 빈익빈' 현상이 심화된다. IMF 경제위기 이후 우리나라는 고금리·실업·임금하락 등에 의해 계층간 소득불균형이 심화되었고, 그에 따라 전체 소비 중 고소득층의 소비비중은 지속적으로 증가하고 저소득층의 소비비중은 둔화되는 일련의 과정 속에서 소득계층간 소비양극화 현상이 심화되었다. 이런 소비양극화는 국내산업의 균형발전을 저해하기도 한다. 즉, 소비의 양극화가 심화될수록 고급품·사치품·외제품 등을 주로 유통시키고 제조하는 분야의 사업은 불경기 속에서도 호황을 누리지만 그렇지 못한 사업은 여전히 경기침체로 인한 소비저하의 문제로 고전하게 된다. 최근 경기불황에도 불구하고 경승용차보다 중·대형 고급승용차 및 외제차의 판매가 급증하거나, 골프·위스키·의류·가전 등에서의 수입이 1998년 외환위기 직후 잠시 둔화되었다가 그 이듬해인 1999년부터 다시 급증세로 돌아선 것은 우리나라의 소비양극화가 심화되고 있음을 보여주고 있다. 소비자물가지수·생활물가지수 도시가계(농어가 및 1인가구 제외)가 소비생활을 영위하기 위하여 구입하는 상품가격과 서비스요금의 변동을 종합적으로 측정하기 위하여 작성하는 지수이다. 기준연도: 1995년 = 100(도시가계의 소비구조 변화를 반영하기 위해 매 5년 주기로 지수를 개편해 오고 있음) 조사대상품목: 가계소비지출 중에서 차지하는 비중이 1/10,000 이상인 509개 품목 조사대상 지역: 서울을 비롯한 36개 주요도시 생활물가지수(CPI for Living Necessaries)는 소비자물가 조사대상 품목 중에서 쌀·배추·쇠고기 등 일반소비자들이 자주 구입하는 기본생필품 154개(도시가계 평균소비지출액의 47.0%)를 선정한 후 이들의 평균적인 가격변동을 지수화한 것으로서 1998년 4월 이후 작성·발표하고 있다. 소비자신뢰(태도)지수 소비자의 경기에 대한 인식이 경기동향 파악 및 예측에 유용한 정보가 된다는 전제하에 소비자의 현재 및 장래의 재정상태, 소비자가 보는 경제 전반의 물가, 구매조건 등에 대해 설문조사를 하고 이를 지수화한 것을 말한다. 소비자태도지수(consumer sentiment index: CSI)라고 하기도 한다. 소비자의 경기인식을 바탕으로 작성된다는 점에서 기업가의 경기판단으로 작성되는 기업경기실사지수에 대응된다. 따라서, 양 지수를 비교하고 종합함으로써 기업가와 소비자의 경기에 대한 감을 종합적으로 판단, 경기 예측력을 향상시킬 수 있다"
45,손익계산서,기업이 얼마나 돈을 많이 벌었는지 또는 손해를 보았는지의 경영성과를 명확하게 파악하기 위해 1년간 발생한 모든 수입과 지출을 적어 그 기간 동안의 수지를 계산하는 서류양식을 말한다. 집에서 쓰는 가계부를 규모가 큰 기업에서 쓰고 있다고 생각하면 된다.
46,수출과 수입,"나라와 나라간에 일어나는 국제적인 거래를 무역이라고 한다. 무역을 할 때 다른 나라에 물건을 파는 것을 수출, 다른 나라로부터 물건을 사오는 것은 수입이라고 한다."
47,마케팅(Marketing),"상품과 용역(서비스)을 생산자로부터 소비자에게 원활히 이전하기 위한 활동을 말한다. 즉 기업이 생산한 상품이나 용역을 소비자의 취향에 맞게 광고, 홍보함으로써 소비자들에게 상품을 사도록 하는 활동이다. 각 기업이 자신들이 생산한 상품이나 용역을 소비자에게 사도록 하는 마케팅 활동의 대표적인 것이 TV나 신문 잡지를 통해 접하는 광고이다."
48,목적세(目的稅),"특정한 사업을 안정적으로 추진하기 위해 예산을 확보해야 하는 경우 세원별로 지출대상을 미리 지정하는 예외를 두고 있는데, 이것이 바로 목적세이다. 세금이나 교육세, 방위세 등이 있고 지방세 중에서 도시계획세·공동시설세·사업소세·지역개발세 등이 포함된다."
49,물가와 물가지수,각각의 물건과 서비스의 가격을 종합해서 평균한 것을 물가라고 한다. 물가는 시간이 지남에 따라 오르기도 하고 내리기도 한다. 이런 물가의 움직임을 알기 위해 숫자로 표시한 것이 물가지수이다. 기준시점과 비교해 물가가 얼마나 올랐나 또는 내렸나를 나타내는 것이다.
50,물류(物流),"물적 유통을 줄인 말로 생산자로부터 소비자까지의 물건의 흐름을 말한다. 일반적으로 유통은 생산자로부터 소비자에게 재화와 서비스를 이전하고 장소와 시간, 소유의 효용을 창조하는 활동을 포함한다. 이에 반해 물류는 소유의 효용을 만족시켜주는 거래를 제외한 장소와 시간의 효용을 창출하는 부분이다."
51,반덤핑 관세,"Anti-dumping duties 외국으로부터 특정 상품이 정상보다 낮은 가격에 수입되어 국내 관련산업에 타격을 주는 것을 방지하기 위해 수출국내의 정상가격과 덤핑가격의 차액 범위내에서 부과하는 할증관세를 말한다. 외국 제품이 비정상적인 가격으로 수입돼 국내산업이 피해를 입거나 입을 우려가 있을 경우, 불공정무역관행을 시정하여 경제적 혼란을 방지하려는 것이다. 덤핑방지관세 또는 부당염매방지관세(不當廉賣防止關稅)라고도 한다. 덤핑상품에 대해서는 일반적인 수입품에 부과되는 관세보다 고율의 관세가 붙게 되는데, 이는 덤핑행위 재발을 방지하고 수입품이 국내에서 싼값으로 유통되는 것을 차단하기 위해서이다. 우리나라 [관세법]에는, 외국 물품의 덤핑으로 국내산업이 실질적 피해를 입어 국내산업을 보호할 필요가 있을 때에는, 물품·공급자·공급국을 지정하여 당해 물품의 정상가격과 덤핑가격의 차액에 상당하는 금액 이하의 덤핑방지관세를 추가하여 부과할 수 있다는 규정을 두고 있다.  덤핑방지관세에 대하여는 조세법률주의가 엄격하게 적용되지 않으며 법률로써 일정한 조건을 정하고 그 조건의 범위내에서 행정입법으로 관세율이 결정되는 것이 보통이다."
52,벤치마킹,"자기 분야에서 가장 우수한 성과를 내고 있는 회사를 모델로 삼아 그들의 독특한 비법을 배우면서 자기 혁신을 꾀하는 것으로 넓은 의미에서는 리엔지니어링의 개념에 포함시키기도 하지만 독립된 한 분야이다. 원래 토목 분야에서 사용되던 용어로 강물 등의 높낮이를 측정하기 위해 설치된 기준점(benchmark)을 세우거나 활용하는 일을 벤치마킹이라고 불렀다. 시초는 일본 기업에 밀려 고사 상태에 놓여있던 미국의 제록스社가 경쟁업체인 일본 기업의 경영 노하우를 캐기 위해 직접 일본에 건너가 조사 활동을 벌인 뒤 조사 결과를 경영 전반에 활용, 다시 경쟁력을 회복하면서부터이다. 벤치마킹은 단순히 최고 수준의 경쟁회사를 찾아가 배우는 것이 아니라 회사내 또는 타업종에서도 찾을 수 있을 만큼 응용 범위가 무궁무진하다. 게다가 상대와 비교할 수 있는 계기가 되기 때문에 우리의 수준을 정확히 측정할 수 있어 극복해 야 할 문제점이 극명하게 드러나고 따라서 혁신의 필요성에 대한 조직원들의 공감을 쉽게 끌어낼 수 있는 장점을 지니고 있다. 미국의 기업들은 업계에서 상위권에 있는 기업의 1인당 매출액·노동비용 등 구체적인 경영지표를 산출하여 그 수치에 도달하려고 업무개선에 힘쓴다. 목표달성을 위하여 사원을 상대 기업에 파견, 자사(自社)와는 다른 방법으로 문제를 해결하는 기법을 익히기도 한다. 그러나 목표가 되는 벤치마크(benchmark: 측정기준)로서 어떠한 항목을 설정하는가가 과제로 남게 된다. 이것은 효과적인 항목을 설정하여야만 반드시 생산성을 상승시켜 경쟁력을 높인다고만 말할 수 없기 때문이다. 또한 리엔지니어링(reengineering), TQC(Total Quality Control: 종합적 품질관리), 브로드밴딩(broadbanding), 종업원에게의 권한 이양, 숙련도에 의한 임금체계 등 새로운 경영기법을 도입·운영하고 있다. [벤치마킹의 기법을 활용한 경영혁신의 추진 과정] ① 벤치마킹 적용분야의 선정 ⇒ ② 벤치마킹 상대의 결정 ⇒ ③ 정보수집 ⇒ ④ 성과와 차이의 확인 및 분석 ⇒ ⑤ 벤치마킹 결과의 전파 및 회사내 공감대 형성 ⇒ ⑥ 혁신계획의 수립 ⇒ ⑦ 실행 및 평가"
53,보통예금(普通預金),"입금과 출금이 자유롭고 가입대상, 예치금액(맡기는 금액), 예치기간(맡기는 기간) 등에 아무런 제한이 없는 예금이다. 당좌예금과 마찬가지로 누구라도 수시로 예금을 입금하고 인출하는 것이 가능하지만, 통장식 예금임으로 인출은 원칙적으로 지급청구서를 제출하고 예금통장을 제시함으로써 이루어지며, 현금카드를 발급받은 경우 이를 이용하여 현금 자동지급기에서 인출할 수 있다."
54,부가가치세,생산과정에서 새롭게 만들어낸 가치. 새롭게 만들어낸 가치라고 표현하는 건 최종생산물에서 원료의 가치를 뺀 나머지 부분을 가리키는 말이다.
55,부동산,건물이나 땅과 같이 움직여 옮길 수 없는 재산을 부동산이라고 한다. 반대로 자동차나 보석반지처럼 움직여 옮길 수 있는 것은 동산이라고 한다. 요즘 부동산은 중요한 재테크 수단의 하나로 여겨지고 있다. 값이 오를 곳을 잘 예측해서 그 부동산을 사두는 것을 부동산 투자라고 한다.
56,빅맥지수,"빅맥지수란 영국의 경제주간지 '이코노미스트'誌가 맥도널드 햄버거의 주력제품인 '빅맥'의 가격이 전세계 각 지역에서 똑같아야 한다는 전제 아래 빅맥 햄버거값을 국제비교해서 다른 나라의 통화가치와 통화의 실질 구매력을 평가하는 지수이다. 이에 따르면, 2001년 4월 20일 기준 우리나라의 빅맥가격은 3,000원으로 미국 달러로 환산(환율 1313원 기준)할 경우 2.28달러로 나타났다. 같은 날 미국의 빅맥 평균가격이 2.54달러인 데 비하면 한국내 가격이 미국내 가격보다 11.2% 정도 싸므로 그만큼 원화가 저평가돼 있다는 얘기가 된다. 『이코노미스트』는 따라서 한국의 적정 환율은 한국내 빅맥 가격이 미국내 가격(2.54달러)과 일치하는 달러당 1181.1원이라고 밝혔다. 또한 일본의 엔화도 달러화에 대해 6% 정도 과소평가된 것으로 나타났고 적정 달러/엔 환율은 116엔이라고 밝혔다."
57,사채(社債),"회사에서 발행하는 채권을 '회사채' 또는 '사채'라고 한다. '채권'이란 국가, 기업, 금융기관이 필요한 자금을 마련하기 위해 발행하는 증서이다. 채권은 액면에 표기되어 있는 금액만큼 돈을 주고 살 수 있는데, 채권을 산 사람은 그만큼 채권발행자에게 빌려준 것과 같다."
58,상계관세,"수출국으로부터 장려금이나 보조금을 지원받아 가격경쟁력이 높아진 물품이 수입되어 국내산업이 피해를 입을 경우, 이러한 제품의 수입을 불공정한 무역행위로 보아 이를 억제하기 위해 부과하는 관세를 말한다. 국내산업의 경쟁력을 유지하기 위한 일종의 차별관세이다. 수출국의 입장에서는, 장려금이나 보조금을 받은 수출품은 그만큼 상품가격이 낮아져 국제경쟁력 강화를 통한 수출증대의 효과를 거둘 수 있다. 그러나 수입국 입장에서는 해당 산업의 시장을 잠식당하는 타격을 받게 된다. 상계관세는 기본관세 외에 해당상품에 지급되는 장려금이나 보조금만큼 더해져 산정되며, 부과요건은 △생산 및 수출에 직·간접적으로 장려금·보조금을 받는 수입품 △이러한 수입품에 의해 국내산업이 저해되거나 저해될 우려가 있는 경우 등이다."
59,세계은행 (World Bank),"국제부흥개발은행의 약칭으로 세계은행(World Bank)이라고도 한다. 1944년 브레턴우즈협정(Bretton Woods Agreement)에 따라 국제연합의 전문기관으로서 제2차 세계대전 후 각국의 전쟁피해 복구와 개발을 위해 1946년에 설립되었다. 주요 목적은 ① 가맹국의 정부 또는 기업에 융자하여 경제·사회 발전에 기여하고 ② 국제무역의 확대와 국제수지의 균형을 도모하며 ③ 저개발국(개발도상국)에 대하여 기술 원조를 제공하는 것이다. 자금은 가맹국에의 주식할당에 의한 자기자본, 특별준비금, 차입금(세계은행채의 발행으로 조달), 투자이윤 등으로 이루어지며, 우리나라는 1955년에 가입하였다"
60,세계잉여금,"세계잉여금은 결산상 잉여금이라고도 하며, 1회계연도에 수납된 세입액으로부터 지출된 세출액을 차감한 잔액으로 [예산회계법] 제47조에서는 세입예산을 초과하여 수납된 세입액, 과 세출예산 중 지출되지 않은 것, 즉 다음 연도 이월액과 불용액으로부터 발생된다고 규정하고 있다. 일반적으로 세계잉여금은 새로운 재원으로써 사용할 수 있는 여유재원을 말하는 것이며, 결산상 잉여금으로부터 이월년도 세출예산 집행재원 충당액을 제외한 순잉여금을 통칭한다."
61,세금,"나라살림을 위해 국민들이 국가에 내는 돈을 세금이라고 한다. 세금은 개인이나 기업이 돈을 벌었을 때에도 내지만 물건을 살 때에도 낸다.세금해방일 세금해방일이란 한 국가의 국민들이 일정기간 동안의 소득은 세금을 내고 자기자신을 위해서 일하기 시작하는 날을 말한다. 다시 말해서, 세금해방일은 정부가 국민에게 부과한 세금을 내기 위해 국민들이 얼마나 많은 시간을 일해야 하는지를 알려 주는 날이라고 할 수 있다. 정부에 내야 하는 세금을 내지 않는다면 소득으로 남아 있을 것이기 때문이다. 전경련 산하 자유기업원에 의하면 2001년 중앙 및 지방정부의 세금합계를 추계한 세금부담(130조원)을 국민순소득(491조원 추정)으로 나누면 연간 세금부담비율이 26.5%에 달해 365일 중 26.5%에 해당하는 96일간은 세금을 내기 위해 일해야 하는 것으로 조사됐다. 이에 따라 2001년 1월 1일에서 96일째 되는 4월 6일까지는 정부에 세금을 내기 위해 일한 것이어서 순수하게 자신의 소득을 위해 일하는 날은 4월 7일이며 이 날을 세금해방일이라고 한다."
62,금융,"돈을 빌려 주거나 빌려 쓰는 것. 한마디로 돈의 흐름을 말한다. 돈이 필요한 경우 친척이나 친구처럼 가까운 사람들로부터 빌리는 경우도 있지만 대부분의 경우에는 금융기관을 이용하게 된다. 금융기관은 여유 돈이 있는 사람들로부터 예금을 받아 그것을 필요한 사람에게 빌려주는 역할을 한다. 금융기관 중 대표적인 것이 우리들이 자주 이용하는 은행이다.금융소득종합과세 부부합산 금융소득(이자 및 배당 소득)이 연 4천 만원을 초과하는 경우 개인누진소득세율로 종합과세하는 것을 말한다. 금융소득이 4천 만원 이하인 경우는 원천과세로 납세의무가 종결되며, 이자소득세율은 종전의 20%에서 15%로 인하되었다. 금융소득이 4천 만원을 초과할 경우 초과금액에 대해서는 근로소득, 사업소득, 부동산임대소득 등 다른 종합소득과 합산해 10∼40%의 누진세율로 종합과세한다. 과세의 대상은 비과세소득과 분리과세대상 금융소득을 제외한 나머지 금융소득이다. 사채이자, 상장사 및 장외등록 법인의 대주주가 받는 배당소득, 비상장사의 주주가 받는 배당소득, 국외에서 받는 이자의 배당소득 등에 대해서는 금융소득이 4천 만원 이하이더라도 다른 소득과 합산해 종합과세한다. 1993년 8월에 도입된 금융실명제를 기반으로 1996년 1월부터 시행되었으나 실제 과세는 1996년 귀속 이자소득분에 대해 1997년부터 이루어졌다. 1997년 말 IMF 경제위기로 인해 유보되어 오다 2001년 1월부터 재시행되고 있다.금융정보분석기구 FIU: Financial Intelligence Unit 금융정보분석기구는 금융기관으로부터 자금세탁 관련 혐의거래 보고 등 금융정보를 수집·분석하여 이를 법집행기관에 제공하는 단일의 중앙행정조직으로서, 현재 OECD 회원국 등 53개 국가가 FIU를 설립·운영중이다. 각국은 자금세탁방지 금융대책기구인 FATF(Financial Action Task Force), Egmont Group(FIU간 협력기구)등 국제기구를 통한 국제협력 및 정보교류 협정(MOU)을 체결하여 FIU간 협력체제를 구축하고 있다. 우리나라는 금융거래 선진화와 금융거래 투명성 제고를 위해 지난 2001년 11월 28일 재정경제부 산하기관으로 금융정보분석원이 설립되어 활동하고 있다. 파생금융상품 파생금융상품(financial derivatives)이란 전통적인 금융상품 자체를 대상으로 한 상품이 아니라 금융상품의 장래 가격변동을 예상해 만든 '금융상품의 가격 움직임을 상품화한 것'으로 통화·채권·주식 등 기초금융자산(underlying financial asset)의 가치변동에 의해 가격이 결정되는 금융계약을 가리킨다. 대표적인 파생금융상품으로는 선물·선물환·옵션·스왑 등을 들 수 있다. 파생금융상품은 금융시장 참가자에게 폭넓은 위험헤지(hedge) 기회를 제공함으로써 자신의 위험 선호도에 따라 자산을 구성하기 쉽게 하는 기능을 지닌다. 즉, 위험 회피자는 자산 및 부채의 가치변동에 따른 위험을 회피할 수 있으며 위험 선호자 또는 투기자는 이러한 변동을 예측함으로써 이익획득 기회를 얻을 수 있다. 파생금융상품시장은 장내시장과 장외시장으로 구분할 수 있는데 장내시장이란 가격 이외의 모든 거래요소가 표준화되어 있는 파생금융상품 거래시장으로서 거래소시장이라고도 한다. 장외시장이란 표준화되어 있지 않은 파생금융상품이 거래소를 통하지 않고 시장참가자간에 직접 거래되는 시장이다. 우리나라의 경우 장내시장으로는 한국증권거래소와 한국선물거래소(KOFEX: Korea Futures Exchange)가 있다. 한국증권거래소에는 주가지수선물시장(1996.5)과 주가지수옵션시장(1997.7)이 개설되어 있다. 1999년 4월 설립된 한국선물거래소에서는 미달러 선물 및 옵션, CD금리선물, 국채선물 및 코스닥50주가지수선물이 거래되고 있다. 장외 파생금융상품시장에서는 선물환, 스왑, 옵션, 선도금리계약 등이 거래되고 있다."
63,금융소득종합과세,"부부합산 금융소득(이자 및 배당 소득)이 연 4천 만원을 초과하는 경우 개인누진소득세율로 종합과세하는 것을 말한다. 금융소득이 4천 만원 이하인 경우는 원천과세로 납세의무가 종결되며, 이자소득세율은 종전의 20%에서 15%로 인하되었다. 금융소득이 4천 만원을 초과할 경우 초과금액에 대해서는 근로소득, 사업소득, 부동산임대소득 등 다른 종합소득과 합산해 10∼40%의 누진세율로 종합과세한다. 과세의 대상은 비과세소득과 분리과세대상 금융소득을 제외한 나머지 금융소득이다. 사채이자, 상장사 및 장외등록 법인의 대주주가 받는 배당소득, 비상장사의 주주가 받는 배당소득, 국외에서 받는 이자의 배당소득 등에 대해서는 금융소득이 4천 만원 이하이더라도 다른 소득과 합산해 종합과세한다. 1993년 8월에 도입된 금융실명제를 기반으로 1996년 1월부터 시행되었으나 실제 과세는 1996년 귀속 이자소득분에 대해 1997년부터 이루어졌다. 1997년 말 IMF 경제위기로 인해 유보되어 오다 2001년 1월부터 재시행되고 있다."
64,금융정책,"경제를 발전시키기 위해 한국은행(중앙은행)이 실시하는 금융조정 정책을 일컫는다. 만약 정부가 기업에 자금을 공급함에 있어, 자금이 시중에 너무 많이 풀리면 돈의 가치가 떨어지게 된다. 그래서 돈을 순조롭게 돌리면서 돈의 가치를 안정시키는 것이 중요하며, 금융정책의 주요 수단으로는 중앙은행이 금리를 조정하여 통화량공급을 조절하는 금리정책, 중앙은행이 공개시장에 개입 시장가격으로 유가증권 등의 매매를 함으로써 금융조절을 하는 공개시장조작, 중앙은행은 시중은행들로 부터 지급준비금으로 보유하는 금액의 비율인 지급준비율을 조정하여 금융조절을 하는 지급준비금 정책 등이 있다."
65,기준시가(基準時價),"국세청이 정해 놓은 지정지역내의 아파트 토지 등에 대한 기준가격을 ‘기준시가’라고 한다. 국세청은 토지가격이 갑자기 큰 폭으로 올라 부동산투기의 우려가 있다고 인정되는 지역을 지정지역으로 정해 놓고 있다. 일반적으로 주택을 팔 때는 양도소득세를 내야하는데, 이 지정지역 내에 있는 아파트와 50평 이상의 연립주택을 팔 때는 실제거래가격을 기준으로 양도소득세를 산정하지 않고 국세청이 별도로 정한 가격을 기준으로 양도소득세를 계산하게 된다."
66,기회비용(機會費用),"우리의 일상생활은 선택의 연속이다. 시간과 자원이 한정되어 있기 때문에 어떤 것이 중요하고 바람직한 것인가를 신중히 판단해 선택해야 한다. 어느 하나를 선택하면 나머지 것들은 포기할 수밖에 없게 되는데, 포기한 여러 활동들 가운데 가장 아쉽고 아까운 것의 가치를 ‘기회비용’이라 한다."
67,내수(內需),내수는 국내에서 발생하는 수요를 말한다.
68,노동력(勞動力),어떤 생산물을 만들기 위해 소비되는 인간의 정신적 육체적 능력을 통틀어 일컫는 말이다. 노동력은 토지나 원료 등과 합쳐져서 비로소 생산물을 만들어낸다. 자본주의 사회에서는 노동력을 하나의 상품으로 팔 수 있다.
69,노동생산성(勞動生産性),투입한 노동량과 그 결과로 얻은 생산량의 비율로서 생산량을 노동량으로 나눈 것을 말한다. 여기서 노동량은 생산에 투입된 총 노동시간을 말하며 생산량은 투입된 노동량이 생산한 가치의 총량을 말한다.
70,누진세(累進稅),"세금을 부여하는 대상의 소득이나 가치의 크기가 클수록 많은 세금을 부과하는 것을 말하는 것이다. 즉 소득이 많은 사람일수록 소득이 적은 사람보다 세금을 많이 내게 되는 것이다. 이로 인하여 소득 재분배의 효과가 크게 나타난다. 누진세에는 직장생활이나 사업을 하면서 벌어들인 소득의 크기에 따라 세금을 내는 소득세, 유산과 같이 무상으로 이전되는 재산에 부과하는 상속세 등이 있다."
71,담보(擔保),"채무자(돈을 빌리는 사람)가 채무(빌린 돈을 갚아야하는 의무)를 이행하지 않을 경우에 대비하여 미리 채권자(돈을 빌려준 사람, 대부분 은행이 담당함)에게 제공되어 채무의 이행을 확보하는 수단이 되는 것을 말한다. 담보에는 크게 나누어 인적 담보와 물적 담보가 있다. ‘인적 담보’는 채무자의 책임재산(자신이 가진 자산)에 제3자(다른 사람)의 책임재산을 추가하는 방법에 의한 담보이며, ‘물적 담보’는 책임재산 중에서 특정의 재산을 가지고 채권의 담보에 충당하는 제도이다. 인적 담보는 절차가 간편하지만 불확실하고, 물적 담보는 절차가 복잡하지만 확실하다는 특징이 있다."
72,당기순이익,"당기순이익은 경상이익에서 유가증권매매손익이나 재해 등으로 인한 특별손실과 법인세 등을 뺀 것으로, 일정 기간에 영업은 물론 비영업 활동을 통해 얻은 이익의 총계를 의미한다. 매출액과 함께 회사의 경영상태를 나타내는 대표적인 지표로 주식투자의 판단자료로도 널리 사용된다. 보통 세후순이익이라고 하는 것은 당기순이익을 가리킨다. 세전순이익은 당기순이익에서 세금을 빼기 전의 이익을 뜻한다. 제조업체와 은행 등 대개의 회사가 1월부터 12월까지를 사업연도로 잡고 있어 1월중에 前사업연도의 당기순이익이 공고된다. 한편, 당기순손익은 이월 이익잉여금 기말잔액과 합계하여 당기미처분 이익잉여금 또는 당기 미처분 결손금으로 처리된다. 참고로, 매출액에서 물건을 만드는 데 소요된 비용과 광고비·임금 등을 뺀 것이 영업이익이고, 은행 등에서 빌린 돈에 대한 이자 등(영업외비용)을 영업이익에서 뺀 것이 경상이익이다."
73,대출(貸出),"은행에서 손님에게 돈을 빌려주고 이자를 받기도 하는데, 이를 '대출(대부)'라고 한다. 대출에는 ① 채무자를 발행인으로, 대출하는 은행을 수취인으로 하고 일정기일에 일정금액을 지급할 것을 약속하는 어음(약속어음)을 은행이 액면금액에서 만기일까지의 이자를 공제하고 매입(할인)하는 경우(어음대출이라고 함) ② 차용증서를 작성하여 대출하는 경우(증서대출) ③ 미리 근저당을 설정하고 일정 한도까지 당좌예금의 잔액을 초과하여 수표발행을 허용하는 방법(당좌대월) 등 3가지가 있다."
74,디플레이션(deflation),"통화량(나라 안에서 실제로 돌고 있는 돈의 양)이 줄어들어 물가가 떨어지고 경제활동이 활발하지 못하게 되는 현상을 ‘디플레이션’이라고 한다. 디플레이션은 대부분 경제가 순환적 수축국면(통화의 순환이 잘 되지 않음)에 있는 상황에서 단기적으로 발생하곤 하였지만, 때로는 정책 당국에 의해 신중하게 의도된 정책의 산물이기도 하였다. 디플레이션 상태가 되면 돈의 가치는 오르고 물건 값은 떨어지게 된다. 돈의 흐름이 좋지 않으므로 돈을 가진 사람이 적어 물건을 사려는 욕구가 줄어들게 되며 또한 물건이 팔리지 않으므로 망하는 회사가 늘어나 실업자가 많이 생겨나게 된다."
75,리플레이션(Reflation),"디플레이션에서 벗어나 아직은 심한 인플레이션까지는 이르지 않은 상태를 말한다. 불황의 결과, 생산이나 이윤이 대폭 저하하여 실업이 증대하는 경우 정상이라 생각되는 수준에 미달되는 물가수준을 어느 정도 인상시켜 인플레이션에 이르지 않을 정도까지 경기의 회복을 일으키기 위해 통화를 팽창(통화량을 늘림)시키는 금융정책을 리플레이션 정책이라 말한다."
76,국고보조금,"국고보조금은 국가가 산업정책적 차원에서 기업설비 근대화, 시험연구 촉진, 기술개발 및 향상, 재해복구 등의 목적을 위하여 [보조금관리법]의 규정에 의해 시설자금이나 운영자금으로 무상 교부하는 금액을 말한다. 국고보조금은 '자본적 지출'에 충당하는 경우와 '수익적 지출'에 충당하는 경우가 있다. [보조금의 예산 및 관리에 대한 법률상 규정] 국가외의 자가 행하는 사무 또는 사업에 대하여 국가가 이를 조성하거나 재정상의 원조를 하기 위하여 교부하는 보조금 (지방자치단체에 대한 것과 기타 법인 또는 개인이 시설자금이나 운영자금에 대한 것에 한한다) 부담금(국제조약에 의한 부담금은 제외한다) 기타 상당한 반대급부를 받지 아니하고 교부하는 급부금 (공업장려금 교부규칙 제2조의 규정에 의한 장려금) 등"
77,국공채(國公債),"국가나 지방공공단체가 부족한 자금을 채우기 위하여 돈을 빌리는 경우에 발행되는 채권을 국공채라 한다. 반면 일반기업이 발행하는 것은 ‘회사채’ 또는 ‘사채’라고 한다. 조세와 함께 국가재정자금을 조달하는 주요한 원천이 되는데 국채는 국민의 재정 부담을 가져오기 때문에 국회의 의결을 거쳐 발행된다. 이 중 국가가 발행하는 채권을 ‘국채’, 지방자치단체가 발행하는 채권을 ‘지방채’, 특별법에 의해 설립된 법인이 발행하는 채권을 ‘특별채’라고 한다."
78,국내총생산,"일정한 기간 동안에 한 나라 안에서 새로이 생산된 재화와 서비스의 가치, 즉 부가가치의 합을 국내총생산이라고 한다. 영어로는 GDP(Gross Domestic Product)라고 한다. 또한 국내총생산 규모가 크다는 것은 재화와 서비스의 생산에 참여한 경제 주체들의 소득이 많다는 것을 의미하는 것이다. 경제적으로 부강한 나라인가 아닌가를 나타내는 지표가 바로 국내총생산이라 할 수 있다."
79,국민소득(National Income: NI),"한 나라에서 일정기간(보통 1년)에 생산. 획득한 모든 재화를 화폐로 계산한 총액을 말한다. 즉, 쉽게 말하면 국민 전체가 일정기간 동안 새로 벌어들인 소득을 말하는 것이다."
80,국민총생산(GNP: Gross National Product),"한 나라에서 재화, 서비스를 생산해 팔고 사는 과정에서 만들어진 부가가치를 모두 합한 것이 국민총생산(국민소득) 이다. 엄밀하게 말하면 국민소득은 국민이 ‘벌어들인’ 것이고, 국민총생산은 국민이 ‘생산해 낸’ 것이다."
81,국세,"과세주체가 국가인 경우를 국세라고 한다. 국세는 중앙정부에서 부과·징수한다. 국세는 크게 내국세 및 관세와 교통세 등의 목적세로 구분된다. 내국세 중 직접세로는 소득세·상속세·증여세·부당이득세가 있으며, 간접세로 부가가치세·특별소비세·주세·인지세·증권거래세가 있다. 원칙적으로 세목마다 [소득세법]·[법인세법]·[부가가치세법] 등의 법률에 의하여 각각 납세의무자·과세물건·과세표준·세율 등 필요한 사항이 규정되어 있고, 이 외의 [국세기본법]·[국세징수법]·[조세특례제한법]·[조세범처벌법] 등에 의해서 전체적으로 규제되고 있다. 관세는 관세영역(통상적으로 국경)을 통과하는 수입 및 수출 물품에 대하여 부과되는 조세로서 물품에 대하여 부과되며(물품세), 용역이나 기타 무체재산권에 대하여는 부과되지 않는다. 그러나 수출물품에 대한 관세는 무역정책상 대부분의 국가에서는 부과되지 않으며, 우리나라도 수입물품에 대해서만 관세를 부과하고 있다. 관세의 종류로는 주로 재정수입의 증가를 목적으로 하는 재정관세와 국내 산업의 보호·육성을 목적으로 하는 보호관세가 있다. 목적세란 조세수입의 용도를 세법에 명시하고 있어 공권력 단체가 당해 목적에만 지출할 수 있도록 제한하고 있는 조세로서 국세로는 교육세·교통세·농어촌특별세가 있고, 지방세로는 도시계획세·공동시설세·지역개발세와 사업소세 등이 있다. 교육세는 교육부문에 투자를 늘려 과밀학급 해소, 의무교육연한 연장, 교원의 처우 개선 등을 목적으로 1982년부터 도입된 5년 기간의 한시세였으나 부과기간이 연장되고 결국 교육양여금제도 도입과 함께 1992년 1월부터 영구세로 전환되었다. 교육세는 여타의 목적세와는 달리 독자적인 세원을 가지고 과세하는 것이 아니라 다른 국세 또는 지방세액에 덧붙여서 부과하는 부가세 성질을 가지고 있다. 즉, 특별소비세·주세·재산세 등에 일정비율을 가산하여 부과·징수되고 있다. 교통세는 도로·도시철도 등 사회간접자본의 확충에 소요되는 재원을 확보하기 위하여 1994년부터 2003년까지 한시적으로 징수하는 목적세이다. 주요 과세대상은 휘발유와 경유(2000년의 경우 휘발유는 리터당 690원 경유는 160원씩 부과)이다."
82,국유재산,"국유재산이란 넓은 의미에 있어서는 국가가 소유하는 일체의 동산·부동산 및 권리로서, 공유재산·사유재산에 대비되는 개념이다. 좁은 의미의 국유재산은 [국유재산법]에 열거하고 있는 것으로 [국유재산법]은 국유재산을 행정재산(공공용재산·공용재산·기업용재산)과 보존재산 및 잡종재산으로 구분하고 있다. [국유재산법]은 국가의 부담이나 기부의 채납 또는 법령·조약의 규정에 의하여 국유로 된 부동산과 그 종물, 선박·부표, 부기교·부선거 및 항공기와 그 종물, 정부기업 또는 시설에서 그 용에 사용되는 중요한 기계와 기구, 지상권·지역권·광업권, 기타 이에 준하는 권리, 특허권·저작권·상표권·실용신안권, 기타 이에 준하는 권리 즉, 주식출자로 인한 권리·사채권·지방채증권과 투자신탁 또는 개발신탁의 수익증권 등을 한정적으로 열거하여 이러한 재산의 관리·처분을 [국유재산법]에 의하게 하고 기타의 국유재산의 관리·처분은 [물품관리법] 기타 법령에 의하게 하였다. 즉, 국유재산은 재정경제부장관이 총괄하되, 각 중앙관서의 장이 관리하고, 잡종재산은 원칙적으로 총괄청이 관리 또는 처분토록 하고 있다."
83,국채· 지방채,"국채 및 지방채는 중앙 또는 지방정부가 자금조달이나 정책집행을 위해 발행하는 만기가 정해진 채무증서이다. 발행하는 주체에 따라 중앙정부가 발행하는 채권이 국채이고, 지방자치단체가 발행하는 채권이 지방채이다. 또 국회 동의를 얻어 정부가 지급을 보증해 줘 채권 판매를 도와주는 채권을 정부보증채라 한다. 국채·지방채는 민간기업이 발행하는 회사채에 비해 수익률이 다소 떨어지지만 안전성이 보장된다."
84,금리,"우리가 돈을 빌려주거나 빌릴 때 이자를 내야 한다. 처음 빌린 돈(원금)에 대해 이자를 얼마나 내는지를 나타내는 것이 금리다. 100만원을 빌려주고 이자를 10만원 받는다면 금리는 이자(10만원)를 원금(100만원)으로 나누고 100으로 곱하여 (10만원÷100만원×100) 10%가 된다.리보금리 런던 금융시장에서 은행간 대출시 적용되는 금리를 말한다. 유로달러 시장이 국제금융에 커다란 역할을 하고 있어 이 금리는 세계 각국의 금리결정에 주요 기준이 되고 있다. 보통 3개월 짜리를 기준으로 세계 금융시장의 상태를 판단할 수 있지만, 장기금리까지 파악하기는 어렵다. 리보금리의 변동은 유로달러의 수급 특히 유로달러의 본원적 공급원인 미국의 금융정책에 의하여 큰 영향을 받는다. 우량은행의 자금담당자들이 자기 은행의 자금사정을 고려하여 자금을 대여하기도 하고 자금을 예입하기도 하는데, 전자에 적용되는 이자율을 'offered rate'라고 하고 후자에 적용되는 금리를 'bid rate'라 한다. LIBOR는 물론 'offered rate'이며, 현지 은행간 거래, 현지은행과 외국 은행간의 거래, 은행과 일반고객간의 거래 등에 적용된다.재할인금리 시중은행은 거래처에 할인해 준 어음을 한국은행에서 다시 할인 받을 수 있는데 이 때 적용하는 금리를 '재할인율'이라 한다. 재할인 대상어음은 적격업체가 발행한 어음이나 신용보증기금이 보증한 어음으로 한국은행이 취득한 날로부터 90일 이내에 만기가 돌아오는 어음이다. 재할인금리는 은행들의 대출금리의 기준이 된다. 재할인금리가 높아지면 시중은행 대출금리도 오르고 낮아지면 따라서 낮아진다. 재할인금리를 통화정책의 긴축인가 확장인가를 가름하는 척도로 보는 것도 이 때문이다.제로금리 ZIR: Zero Interest Rate 1999년 2월 12일 일본은행은 콜금리를 0.25∼0.15% 전후로 인하한 데 이어 3월 콜시장에 다시 대규모 자금을 공급함으로써 금리를 0.02%까지 떨어뜨렸다. 이 같은 일본은행의 초저금리정책은 단기금리를 사실상 0%에 가깝게 유도하는 것이라는 점에서 (실질)제로금리 정책이라고 부른다. 일본은 그 이전인 1980년대 후반부터 10여 차례에 걸쳐 금리인하 조치를 취해 왔으며, 결국은 자본주의 역사상 전례가 없는 제로금리까지 떨어지게 되었다. 일본은행의 이 같은 제로금리 정책은 내수자극을 통한 경기회복, 엔화 강세 저지, 기업의 채무부담 경감, 금융회사들의 부실채권 부담 완화 등 여러 측면의 효과를 겨냥한 것이지만, 연금생활자와 저축자들에게는 불리하게 작용한다. 콜금리 금융기관끼리 영업활동 과정에서 남거나 모자라는 자금을 30일 이내의 초단기로 빌려주고 받는 것을 '콜'이라 부르며, 이때, 은행·보험·증권업자간에 이루어지는 초단기 대차(貸借)에 적용되는 금리가 바로 '콜금리'이다. 금융기관들이 공동 출자한 '한국자금중개주식회사'가 중개거래 업무를 담당하고 있다. 콜을 빌려주는 입장에서는 '콜론(call loan)', 빌리는 쪽에서는 '콜머니(call money)'라 한다. 콜금리라 함은 통상 콜 중개기관의 론금리를 가리킨다. 금융기관간의 직거래 방식도 허용되고 있으며 1∼30일까지의 자금 거래가 이루어지고 약 90% 이상이 1일물이다. 그러므로 통상 콜금리는 1일물(overnight) 금리를 의미하여 단기 자금의 수요와 공급에 의하여 결정된다. 콜금리에 영향을 미치는 요인으로는 은행권의 지준 사정, 채권의 발행 및 상환, 기업체 등의 단기자금 수요, 기관의 단기자금 운용형태 등이 있고, CP(기업어음)금리·CD(양도성예금증서)금리 등 여타 단기금리와도 밀접한 관련이 있다. 콜시장은 금융시장 전체의 자금흐름을 비교적 민감하게 반영하는 곳이기 때문에 이곳에서 결정되는 콜금리는 회사채 유통수익률이나 CD 유통수익률 등과 함께 시중의 자금사정을 반영하는 지표로 이용된다. 콜금리는 금융기관간 적용되는 금리이지만, 사실상 한국은행이 통제하고 있다. 한국은행의 상부기구인 '금융통화위원회'는 매달 한차례씩 정례회의를 열고 그달의 통화정책 방향을 정한다. 경기과열로 물가가 상승할 가능성이 있으면 콜금리를 높여 시중자금을 흡수하고, 경기가 너무 위축될 것 같으면 콜금리를 낮추어 경기활성화를 꾀한다."
85,가격결정,수요자(소비자)는 물건을 될 수 있는 한 싸게 사고 공급자(생산자)는 가능한 한 물건을 비싸게 파는 게 유리할 것이다. 그러나 물건의 가격은 수요자나 공급자 어느 한 쪽이 결정하는 것이 아니라 수요와 공급의 양에 따라 결정된다.
86,가계소득(家計所得),"가족의 구성원이 경제활동을 통하여 얻은 소득의 총합을 말한다. 즉, 가계소득은 가족 개개인이 회사에서 일해서 얻은 수입(근로수입), 장사 또는 사업으로 얻은 수입(사업수입), 집세. 지세 등으로 얻은 수입(임대수입), 은행 등에 돈을 맡겨 얻은 이자 등의 수입(이자수입), 투자를 해서 배당금을 받은 수입(배당수입) 등을 합한 가족의 총소득을 ‘가계소득’ 이라고 한다."
87,결산,"결산은 1회계연도 내에 발생한 수입과 지출을 계산하여 재산상태를 알 수 있도록 서류로 작성하는 일로서 '기업회계상의 결산'과 '정부회계상의 결산'이 있다. 기업회계상의 결산은 기업이 1회계기간의 손익을 산정하고, 기말의 재정상태를 명확하게 하는 회계적인 절차이다. 결산업무는 기말 전후(특히, 기말 후 1∼2개월)에 집중적으로 하게 된다. 기업회계상의 결산내용은 각종 수익과 비용을 어느 기간에 귀속시키느냐를 결정하고 그 결과로 재고조사나 저가격주의를 전제로 하는 시가조사 등이 행하여진다. 이렇게 하여 파악한 정보는 손익계산서와 대차대조표에 기재하여 전달하게 된다. 경영관리의 목적으로 매월 결산을 하는 기업도 있지만 이런 결산은 월차결산(月次決算)이라 하여 정기적인 결산과는 구별한다. 정부회계 결산은 한 국가에서 회계연도가 종료되면, 예산과 실적을 확정적 계수로 표시하는 행위이다. 우리나라의 회계연도는 매년 1월 1일에 시작하여 12월 31일까지이다. 정부회계 결산절차는 재정경제부장관이 각 부처에서 보고해 온 세입·세출 보고서에 따라 세입·세출 결산서를 작성하여 국무회의의 심의와 대통령의 재가를 거친 뒤 감사원에 제출하여 검사를 거친 후 국회에 제출하고 있다. 국회에서의 결산심사 결과 정부의 재정행위가 위법 또는 부당하다는 지적을 받아도 그 재정행위가 무효로 되지 않지만 정부는 정치적 비판의 대상이 된다. 예산결산특별위원회 예산안과 결산을 심의하기 위하여 국회에 예산결산특별위원회를 두고 있는데 동위원회는 2000년 6월부터 상설화되어 있다. 예산결산특별위원회 위원장은 1인으로 하되, 위원회에서 호선하고 본회의에 보고토록 하고 있다. 위원은 교섭단체 소속의 의원수 비율과 상임위원회 의원수의 비율에 의하여 50인 이내에서 교섭단체 대표위원의 요청으로 의장이 상임위원 중에서 선임하나, 어느 교섭단체에도 속하지 않는 의원의 위원선임은 의장이 행하도록 하고 있다. 예산결산특별위원회에는 소위원회를 둘 수 있으며 소위원회이외에 그 심사에 필요하다고 인정될 때에는 이를 수 개의 분과위원회로 나눌 수 있다."
88,결제,"대금 또는 증권의 주고받음을 통하여 매매 당사자 간의 거래를 끝내는 것을 '결제'라고 한다. 결제의 방법으로는 첫 번째 매매한 증권과 대금을 결제 일에 현실적으로 결제하는 방법으로서 실물거래에서 적용되는 결제방법의 실물결제와 청산거래나 선물거래 등에서 이용되는 결제방법인 차금결제가 있고, 두 번째로 한 사람이 매수와 매도를 전액 또는 전량으로 결제하는 전량결제, 각 회원별로 매도증권과 매수증권 또는 매도대금과 매수금액을 각각 차감한 잔량이나 잔액만을 가지고 결제하는 차감결제가 있다. 마지막으로 매매 당사자 간에 또는 거래소가 지정하여 주는 상대방과 개별적으로 매매거래의 결제를 하는 방법의 집중결제의 방법이 있다."
89,경매,은행 등 금융기관이나 개인이 채권. 채무 또는 국세체납 등으로 압류된 물건을 일반인에게 공개 매각하는 절차를 ‘경매’라고 한다. 민사소송법에 정해진 강제집행 절차에 따라 민사법원에서 진행하게 되는데 법원은 자격을 갖춘 감정평가사에게 경매물건의 가치감정을 맡기며 여기서 나온 감정평가액(감정가)이 첫 경매의 최저입찰가격이 된다. 이 가격 이상의 금액으로 응찰해야 된다는 뜻이며 응찰자 중 최고가를 제시한 사람에게 낙찰된다. 최초 경매에서 낙찰자가 없어 유찰되면 다시 입찰에 부치는데 이 때 최저입찰가는 감정가보다 20%씩 떨어진 가격으로 한다.
90,경상수지,"한 국가가 다른 나라와 물품 및 서비스를 거래한 상태를 나타내는 지표를 '경상수지'라고 한다. 경상수지는 다시 ① 상품 수출입의 결과인 '상품수지' ② 운수, 여행 등 서비스거래의 결과인 '서비스수지', ③ 노동과 자본의 이용 대가(즉 임금 및 이자)의 결과인 '소득수지' ④ 아무런 대가없이 제공되는 무상원조, 교포송금 등의 결과인 '경상이전수지'로 나누어진다."
91,경제성장률,나라의 경제규모를 나타내는 국내총생산이 얼마나 변했나를 나타내는 것이 경제성장률이다. 경제성장률이 높으면 그 나라의 경제가 활발하게 발전하고 있다는 뜻이다.
92,경제재(經濟財),"돈을 주고 사야 하는 물건을 ‘경제재’라고 한다. 시장에서 사고 팔리는 모든 상품이 바로 경제재이다. 그런데 옛날에는 자유재였다가 요즈음에는 경제재로 바뀐 것도 있는데 대표적인 것이 물이다. 옛날 사람들은 샘이나 개울, 강에서 마음대로 물을 떠다 먹었는데 그러나 지금은 환경이 많이 오염되어 수도요금을 내고 수돗물을 먹거나 가게에서 생수를 사 먹으므로 경제재로 바뀌었다."
93,고정금리(固定金利),"고정금리는 금융상품에 가입한 기간 동안 시중금리가 아무리 큰 폭으로 변하더라도 이자율이 변하지 않는 것을 의미한다. 정기예금, 정기적금과 같은 예금상품은 대부분 고정금리이며, 채권, CP(기업어음), CD(양도성예금증서), 개발신탁 등도 고정금리를 준다. 이에 반해  ‘변동금리’는 적용되는 이자율이 가입기간 중에 계속 변하는 것을 의미한다. 고정금리와 변동금리 중 어느 상품에 투자할 것인지를 결정하는 데 있어서 가장 중요한 것은 향후 금리 예측이다."
94,공공재(公共財),"많은 사람들이 동일한 재화와 서비스를 동시에 소비할 수 있으며, 그 재화와 서비스에 대하여 값을 특별히 치르지 않더라도 소비 혜택에서 제외할 수 없는 성격을 가진 재화와 서비스를 ""공공재""라고 한다. 이러한 특성을 가진 재화와 서비스에는 국방. 경찰. 일기예보. 도로. 공원 등이 있다."
95,공급(供給),"판매자가 정하여진 가격 하에서 어떤 상품을 대가(상품가격)와 교환하는 방식으로 제공하는 일을 말한다. 그리고 물건 값에 따라 팔고자 하는 양을 '공급량'이라고 한다. 공급량을 결정하는 요소에는 여러 가지가 있는데 그 중 가격이 가장 중요한 요인으로 작용한다. 예를 들면, 과자의 가격이 높으면 과자를 판매한 수익이 높아짐으로 과자 판매자는 공급량을 늘리려 할 것이다. 반대로 과자 가격이 낮으면 사업의 채산성(비용이 이익보다 커짐)이 낮아짐으로 과자의 생산(공급량)을 줄이게 될 것이다."
96,공기업,"공기업은 정부가 직·간접적으로 투자하고 있는 기업으로 정부가 소유권을 갖거나 통제권을 행사하는 기업을 말한다. 출자주체에 따라 국가공기업과 지방공기업으로 분류된다. 국가공기업에는 정부투자기관·정부출자기관·정부기업 등이 있다. 정부투자기관은 정부가 납입자본금의 50% 이상을 출자한 법인으로서 [정부투자기관관리기본법]의 적용대상이 되는 법인이다. 그러나 정부가 납입자본금의 5할 이상을 출자한 기업 중 한국방송공사, 한국산업은행, 중소기업은행, 한국수출입은행 및 [은행법] 제2조의 규정에 의한 금융기관은 법 적용에서 배제된다. 정부투자기관에는 한국조폐공사, 한국전력공사, 대한석탄공사, 대한광업진흥공사, 한국석유공사, 대한무역투자진흥공사, 한국도로공사, 대한주택공사, 한국수자원공사, 한국토지공사, 농업기반공사, 농수산물유통공사, 한국관광공사 등 13개 기관이 있다. 정부출자기관은 정부가 납입자본금의 50% 미만을 출자한 기업으로 정부가 최대 주주인 법인이거나 최대 주주가 아니더라도 사실상 경영권에 영향을 미칠 수 있는 법인, 50% 이상을 출자한 기업이라도 [정부투자기관관리기본법]의 적용이 배제되는 기업, [공기업의 경영구조 개선 및 민영화에 관한 법률] 적용대상 기업을 말한다. 한국통신공사, 한국가스공사 등이 이에 해당된다."
97,공동구매(共同購買),대량구매의 장점을 실현하기 위하여 2명이상의 소매업자가 모여서 공동으로 구매하는 것이다. 이 효과는 ① 대량으로 주문받아 생산하게 됨으로 의한 원가인하(수량할인 등) ② 계획적 생산 및 배송에 의한 유통 비용의 절감 ③ 전문 구매 담당자에 의한 엄밀한 상품선정 ④ 공동 제품개발 등이 있다.
98,관세(關稅),"관세란 수입되거나 수출하는 상품에 덧붙이는 세금을 말합니다. 관세는 간접세로 수입품에 부과 되는 수입관세와 수출품에 부과되어 수출억제 효과가 있는 수출관세가 있는데 수출관세의 경우 수출품에 관세를 부과하게 되면 가격이 올라가 경쟁력이 떨어지게 되므로 관세를 부여하는 경우가 극히 제한적이다. 통과관세의 경우 어떤 나라 또는 관세지역을 통과하여 타국에 수출입되는 상품에 대하여 부과되는 관세이다. 이 관세는 재정수입에 주목적이 있으나, 외국상품의 자국통과를 억제하고, 자국의 수출을 증가시키기 위한 것이다."
99,"교부금, 교부세","지방교부세법의 규정에 의하여 중앙정부 또는 지방자치단체가 제공하는 자금이다. 교부금은 국가가 지방자치단체의 재정을 지원하기 위한 지급, 국가 또는 지방자치단체가 그 사무의 일부를 위임하고 이에 소요되는 비용을 충당해 주기 위한 지급, 국가의 특정한 행정목적을 위한 지급 등으로 구분할 수 있다. 지방교부세는 보통교부세와 특별교부세로 구분된다. 보통교부세는 매년 기준 재정수입이 기준 재정수요에 미달하는 지방자치단체에 그 미달액을 기초로 하여 교부되고, 특별교부세는 지방의 특수한 사정에 따라 교부된다. 또한, 사용내역에 따라 지방교부세와 지방교육재정교부금으로 나누어진다. 지방교부세는 지방자치단체가 자유롭게 쓸 수 있는 재원으로 내국세의 15%로 되어 있다. 지방교육재정교부금은 초·중등교육의 재정지원을 위해 [지방교육재정교부금법]의 규정에 의하여 지급하는 교부금으로 지방자치단체가 교육기관 및 교육행정 기관을 설치·경영하는 데 필요한 재원을 국가가 지원하여 지역간 교육의 균형 발전을 도모하기 위한 것이다."
100,국고(國庫),국가의 재정적 활동에 따른 현금의 수입과 지출은 한국은행에 설치된 정부예금을 통하여 이루어지는데 이 예금계정을 '국고'라고 한다.
